,First Term Gpa,Second Term Gpa,First Language,Funding,School,Fast Track,Coop,Residency,Gender,Prev Education,Age Group,High School Average Mark,Math Score,English Grade,FirstYearPersistence
0,0,0,1,2,6,2,1,1,2,1,1,59,16,7,1
1,2.5,2,3,4,6,1,2,2,2,1,3,?,?,7,1
2,4.25,3.923077,1,1,6,2,1,1,1,2,3,92,41,9,1
3,3.020833,2.321429,3,4,6,1,2,2,2,2,3,?,?,8,1
4,4.275,4.326923,1,2,6,1,1,1,1,2,3,97,?,9,1
5,4.357143,4.326087,1,2,6,2,1,1,2,2,3,101,45,9,1
6,2.210526,1.375,1,2,6,2,1,1,2,1,1,68,20,7,0
7,2.045455,2.961538,1,2,6,2,1,1,2,1,1,79,34,9,1
8,4.285714,3.608696,1,2,6,2,1,1,1,1,2,98,39,9,1
9,2.863636,1.3,1,2,6,2,1,1,2,1,1,78,29,7,1
10,2.75,2.75,3,4,6,1,2,2,2,2,3,?,41,8,1
11,2.125,2.136364,1,2,6,2,1,1,2,1,2,73,18,7,1
12,1.46,0,1,2,6,2,2,1,2,1,1,81,17,9,1
13,4.421053,4.315789,1,2,6,2,2,1,2,1,4,95,38,7,1
14,3.791667,3.979167,?,4,6,2,2,2,2,1,4,?,47,8,1
15,3.717391,3.895833,3,4,6,1,2,2,2,2,3,?,?,10,1
16,4.233333,4.277778,1,2,6,2,2,1,1,2,8,?,?,9,1
17,3.413043,3.346154,3,8,6,1,2,1,2,2,8,?,?,7,1
18,3.375,3.696429,3,4,6,1,2,2,2,2,3,?,?,4,1
19,3.785714,3.431818,3,4,6,2,2,2,2,1,3,?,48,10,1
20,3.58,3.346154,3,4,6,1,2,2,2,2,3,?,?,8,1
21,3.086957,2.65625,1,2,6,2,2,1,2,1,1,80,28,9,0
22,4.5,4.421053,1,2,6,2,2,1,1,2,3,?,32,9,1
23,3.6,3.190476,3,4,6,1,2,2,1,1,3,?,?,9,1
24,3.425,3.175,3,4,6,2,2,2,2,2,3,?,?,8,1
25,3.770833,3.5,3,4,6,2,2,2,2,1,2,?,48,9,1
26,2.071429,3.166667,3,2,6,2,1,1,2,2,6,?,41,8,1
27,2.55,3.022727,3,2,6,1,2,1,2,2,8,?,?,8,1
28,3.782609,3.269231,3,4,6,1,2,2,1,2,2,?,?,8,1
29,3.979167,4.037037,3,4,6,1,1,2,1,2,3,?,?,7,1
30,2.645833,3.020833,3,4,6,2,2,2,2,2,1,?,39,8,1
31,4.5,4.5,1,2,6,2,2,1,2,2,3,97,43,9,1
32,3.065217,3.210526,3,2,6,2,1,1,1,0,4,?,26,9,1
33,2.125,1.409091,3,2,6,2,2,1,2,1,2,81,31,9,0
34,1.6,2.566667,1,2,6,2,1,1,2,1,2,68,21,7,1
35,4.225,4.428571,3,4,6,2,2,2,1,1,1,?,46,9,1
36,3.595238,3,3,4,6,2,2,2,2,1,2,?,48,8,1
37,3.82,3.611111,1,2,6,2,2,1,2,1,3,85,20,9,1
38,3.928571,4.190476,1,2,6,2,2,1,1,2,4,?,40,9,1
39,2.565217,2.153846,1,1,6,2,1,1,2,1,1,83,25,9,1
40,2.52381,1.823529,3,2,6,2,1,1,2,1,2,60,16,4,1
41,4.309524,4.095238,1,2,6,2,2,1,1,1,2,95,48,9,1
42,3.865385,3.844828,3,4,6,1,2,2,2,2,3,?,47,4,1
43,2.05,2.555556,1,2,6,2,2,1,1,1,1,76,23,10,1
44,3.47619,2.975,1,2,6,2,1,1,1,2,3,87,32,9,1
45,3.304348,3.326923,3,4,6,1,1,2,1,1,3,?,?,8,1
46,1.105263,0,1,2,6,2,2,1,2,2,2,82,22,7,0
47,2.23913,2.361111,3,4,6,2,2,2,2,2,1,?,32,8,1
48,3.54,2.521739,1,2,6,2,2,1,2,1,1,81,34,7,1
49,3.526316,2.477273,1,2,6,2,1,1,2,1,1,78,19,7,1
50,1.78,?,1,2,6,2,1,1,2,1,1,87,28,9,0
51,4.38,4.425,1,2,6,2,2,1,2,1,4,74,26,9,1
52,3.027778,2.235294,3,4,6,2,2,2,2,1,2,?,29,9,1
53,2.309524,3.043478,3,4,6,1,2,2,2,1,3,?,?,8,1
54,2.875,3.068182,3,4,6,1,2,2,2,2,3,?,?,8,1
55,3.826087,3.704545,1,2,6,2,2,1,1,1,6,80,26,9,1
56,3.32,1.333333,1,2,6,2,2,1,2,1,3,?,32,9,1
57,2.875,2.795455,1,2,6,2,1,1,2,1,1,88,43,9,1
58,3.456522,3.52381,3,2,6,2,1,1,1,1,2,90,40,8,1
59,2.695652,2.630435,1,1,6,2,1,1,2,1,1,73,29,9,1
60,3.06,3.304348,3,4,6,1,2,2,2,2,3,?,45,8,1
61,3.277778,3.44,3,4,6,1,2,2,2,1,3,?,?,9,1
62,0.2,0,3,2,6,2,1,1,2,0,3,17,23,9,0
63,2.94,1.727273,1,2,6,2,2,1,1,1,2,75,19,9,0
64,0,?,1,2,6,2,2,1,2,0,4,50,26,9,0
65,1.857143,?,?,4,6,2,2,2,2,1,1,?,47,7,0
66,3.804348,3.714286,3,4,6,2,2,2,1,2,2,?,40,4,1
67,4.065217,3.72,1,2,6,1,1,1,2,2,3,74,?,9,1
68,1.526316,0.157895,1,2,6,2,2,1,2,1,2,48,21,7,0
69,1.710526,0.346154,2,2,6,2,1,1,2,1,2,63,10,7,0
70,2.956522,3.52381,3,4,6,2,2,2,1,2,1,?,35,8,1
71,2.157895,3.552632,3,4,6,2,1,2,2,1,2,75,49,8,1
72,4.02381,4.184211,3,2,6,2,2,1,2,2,5,?,44,10,0
73,1.975,0,1,2,6,2,2,1,2,1,3,69,?,9,1
74,0.4375,0,1,2,6,2,2,1,2,1,1,72,20,7,0
75,3.925,3.02381,1,2,6,2,2,1,2,0,4,?,39,7,1
76,2.571429,2.388889,1,2,6,2,1,1,2,1,1,87,38,9,1
77,3.4,3.326087,1,2,6,2,2,1,2,1,3,79,35,3,1
78,3.521739,3.288462,3,4,6,1,2,2,1,1,3,?,?,7,1
79,0.543478,0,3,4,6,2,2,2,2,1,3,?,27,?,1
80,2.369565,2.6875,1,2,6,2,1,1,1,1,1,86,22,10,1
81,3.347826,2.704545,3,4,6,2,2,2,1,1,1,?,31,4,1
82,3.456522,2.98,3,4,6,1,2,2,2,2,3,?,?,9,1
83,?,?,3,4,6,2,2,2,1,1,1,?,19,7,0
84,3.880952,3.434783,1,2,6,2,1,1,2,1,1,82,42,9,1
85,1.541667,1.934783,1,2,6,2,2,1,2,1,1,74,24,9,1
86,3.56,3.318182,1,2,6,2,1,1,2,1,1,80,29,9,1
87,0.157895,0,1,2,6,2,1,1,2,1,1,77,19,7,0
88,3.854167,3.66,?,4,6,2,2,2,2,1,2,?,49,8,1
89,2.58,2.282609,1,2,6,2,2,1,2,1,2,67,19,7,1
90,3.882353,3.605263,1,2,6,2,2,1,2,2,3,84,25,9,1
91,2.210526,2.363636,1,8,6,2,2,1,2,1,7,?,16,9,1
92,4.217391,4.333333,3,2,6,2,2,1,1,2,7,?,46,10,1
93,3.354167,3.681818,1,2,6,2,2,1,2,1,2,81,20,7,1
94,2.928571,2.375,1,2,6,2,1,1,2,1,3,65,36,9,1
95,3.452381,1.090909,3,4,6,2,1,2,2,1,3,?,47,10,1
96,3.068182,2.977273,1,2,6,2,1,1,2,1,2,77,32,?,1
97,3.818182,3.75,3,4,6,2,2,2,2,1,2,?,47,10,1
98,1.230769,1.625,1,2,6,2,2,1,2,1,1,72,23,7,1
99,3.916667,3.815789,1,2,6,2,2,1,2,1,1,93,39,9,1
100,1.176471,1.95,1,2,6,2,1,1,2,1,2,52,16,7,1
101,2.275,1.9,3,4,6,1,2,2,2,2,3,?,?,4,0
102,3.875,4.119048,1,2,6,2,2,1,2,1,1,85,40,10,1
103,1.568182,?,1,2,6,2,2,1,2,0,3,60,29,8,0
104,4.434783,4.46,1,2,6,1,2,1,1,2,3,?,?,9,1
105,2.416667,2.365385,3,4,6,1,2,2,1,1,3,?,?,7,1
106,1.59375,2.978261,3,2,6,2,1,1,2,1,1,?,36,7,1
107,2.304348,1.809524,3,4,6,1,2,2,2,2,3,?,?,8,1
108,3.5,3.5,3,4,6,1,2,2,1,2,3,?,?,4,1
109,0,?,1,2,6,2,2,1,2,1,1,77,29,7,0
110,4.095238,3.97619,1,2,6,2,2,1,1,1,1,102,?,9,1
111,3.354167,3.821429,3,4,6,1,2,2,2,2,3,?,?,8,1
112,0,?,3,4,6,1,2,2,2,2,3,?,?,8,0
113,3.083333,3.522727,1,2,6,2,1,1,2,1,3,96,42,9,0
114,4.261905,4.340909,1,8,6,2,2,1,2,2,8,?,38,9,1
115,4.23913,4,1,2,6,2,1,1,1,2,3,92,26,9,1
116,2.9,2.886364,3,4,6,1,2,2,2,2,3,?,?,8,1
117,3.5,3.692308,3,4,6,1,2,2,1,2,4,?,?,8,1
118,3.565217,3.28,3,4,6,1,2,2,2,1,2,?,?,9,1
119,1.525,0,1,2,6,2,2,1,2,1,2,73,16,9,0
120,2,1.388889,1,2,6,2,1,1,2,1,1,78,22,7,0
121,1.285714,1.458333,3,4,6,1,2,2,1,2,3,?,?,10,1
122,0,?,1,2,6,2,2,1,2,1,4,53,25,9,0
123,3.409091,3.194444,1,2,6,2,2,1,2,1,3,48,15,9,1
124,3.173913,3.18,3,4,6,1,2,2,2,2,3,?,?,10,1
125,2.1,2.386364,?,4,6,2,2,2,2,1,3,?,44,8,0
126,3.025,3.275,1,2,6,2,2,1,2,1,1,82,29,9,1
127,2.434783,2.307692,3,4,6,1,2,2,2,1,3,?,?,8,1
128,3.568182,3.236842,3,4,6,2,2,2,2,2,1,?,45,9,1
129,2.90625,1.884615,3,2,6,2,2,1,2,1,1,79,27,9,1
130,3.35,3.361111,3,2,6,2,2,1,1,2,3,?,46,4,1
131,4.131579,3.891304,2,2,6,2,2,1,2,2,6,?,46,8,1
132,4.357143,4.409091,1,2,6,2,2,1,2,1,3,85,48,10,1
133,4.076923,4.434783,1,2,6,1,2,1,2,2,7,93,?,10,1
134,0.947368,2.03125,1,2,6,2,2,1,1,1,1,78,14,7,0
135,4.08,4.175,1,2,6,2,2,1,2,2,7,?,21,9,1
136,3.895833,3.857143,1,2,6,2,2,1,1,2,2,86,21,9,1
137,2.289474,2.478261,1,2,6,2,2,1,2,1,2,?,15,7,1
138,3.16,3.545455,1,2,6,2,2,1,1,1,1,97,38,9,1
139,3.428571,3.4,3,4,6,2,2,2,2,1,4,?,43,8,1
140,3.541667,3.021739,1,2,6,2,2,1,2,1,2,90,30,9,1
141,3.904762,2.590909,3,4,6,2,2,2,2,2,1,?,42,9,1
142,4.285714,4.019231,3,5,6,2,2,2,1,1,3,?,49,8,1
143,3.942308,3.769231,3,4,6,1,1,2,2,2,3,?,?,4,1
144,3.673913,3.942308,?,4,6,1,2,2,2,2,5,?,?,7,1
145,3.880952,3,1,2,6,2,1,1,1,1,1,90,43,9,1
146,3.52,3.391304,1,2,6,2,2,1,2,1,1,89,40,3,1
147,3.916667,3.769231,3,2,6,1,1,1,2,2,7,?,?,10,1
148,3.708333,3.25,?,5,6,2,2,2,2,1,2,?,48,7,1
149,3.804348,3.565217,1,2,6,2,2,1,2,1,1,83,39,9,1
150,4.021739,3.74,1,2,6,1,2,1,1,2,5,?,?,10,1
151,3.041667,3.303571,3,4,6,1,2,2,2,1,4,?,?,7,1
152,2.421053,1.076923,1,2,6,2,2,1,2,1,2,67,24,7,1
153,2.833333,3.318182,3,2,6,2,2,1,2,2,3,?,?,8,0
154,4.304348,4,1,2,6,2,1,1,1,2,3,97,44,9,1
155,4.238095,3.891304,3,2,6,2,2,1,2,2,6,?,48,10,1
156,3.568182,3.148148,3,4,6,1,2,2,2,1,4,?,?,9,1
157,4.022727,3.796296,3,4,6,1,2,2,2,1,3,?,?,10,1
158,2.416667,3.527778,3,4,6,2,2,2,2,2,1,?,49,10,1
159,0,?,1,2,6,2,2,1,2,1,3,?,?,9,0
160,4.434783,4.277778,3,4,6,2,2,2,2,2,2,?,49,10,1
161,2.090909,1.833333,1,2,6,2,2,1,2,1,2,60,17,3,1
162,3.04,3.083333,1,1,6,2,1,1,2,1,4,61,27,9,1
163,2.891304,2.788462,3,4,6,1,2,2,2,2,4,?,?,8,1
164,3.55,3.6,1,2,6,2,2,1,2,2,3,81,37,9,1
165,2.386364,?,3,4,6,1,2,2,2,1,3,?,?,3,0
166,2.15,?,3,4,6,1,2,2,2,2,3,?,28,9,0
167,0,0,3,2,6,2,1,1,1,1,1,63,26,7,0
168,0,0,1,2,6,2,2,1,2,1,1,72,37,7,0
169,0,1.45,1,2,6,2,1,1,2,1,2,45,?,2,1
170,3.857143,3.568182,3,4,6,2,2,2,1,2,2,?,38,10,1
171,3.833333,3.464286,3,4,6,1,1,2,2,1,3,?,?,8,1
172,4,3.630435,3,4,6,2,2,2,2,2,1,?,45,8,1
173,3.227273,3.136364,1,2,6,2,1,1,2,1,1,74,41,8,1
174,3.043478,3.166667,3,2,6,2,2,1,2,2,2,85,38,9,1
175,3.547619,3.282609,1,2,6,2,2,1,2,1,3,54,12,8,1
176,3.078947,2.636364,1,2,6,2,2,1,2,1,4,68,22,7,1
177,0.24,0,1,2,6,2,2,1,2,1,3,?,17,7,0
178,2.722222,2.659091,3,4,6,2,2,2,2,2,1,?,21,8,1
179,2.55,2.772727,3,4,6,1,2,2,2,1,3,?,?,7,1
180,3.5,3.416667,3,2,6,2,1,1,1,2,5,80,43,4,1
181,3.06,2.538462,3,4,6,1,2,2,1,2,3,?,?,8,1
182,2.525,2.261905,3,4,6,1,2,2,2,2,3,?,?,10,1
183,0.54,?,1,2,6,2,1,1,2,1,1,66,24,7,0
184,3.568182,3.763158,3,2,6,2,2,1,1,2,3,94,38,10,0
185,3.272727,1.5,1,2,6,2,2,1,2,1,1,76,?,7,1
186,2.521739,2.7,3,4,6,1,2,2,2,1,3,?,?,10,0
187,4.065217,3.934783,?,5,6,2,2,2,2,1,5,?,49,8,1
188,3.222222,3.448276,3,4,6,1,2,2,2,1,3,?,?,7,1
189,4.159091,4.236842,3,4,6,2,2,2,2,0,6,?,48,10,0
190,0,?,3,4,6,2,2,2,1,2,2,?,?,8,0
191,2.357143,2.970588,1,2,6,2,2,1,1,1,3,81,32,9,1
192,4.194444,4.055556,1,2,6,2,2,1,1,2,3,94,?,9,1
193,4.095238,4.222222,1,2,6,2,2,1,1,2,3,102,?,9,1
194,3.729167,3.729167,3,4,6,2,2,2,2,1,3,?,45,8,1
195,3.454545,?,3,2,6,2,2,1,2,1,3,78,23,7,0
196,3.08,2.65,3,2,6,2,1,1,1,1,1,85,35,7,1
197,3.5,2.846154,3,2,6,2,2,1,1,2,6,?,47,4,1
198,3,?,1,2,6,2,1,1,2,2,3,83,26,9,0
199,2.447368,2.394737,3,4,6,2,2,2,2,1,2,?,?,7,1
200,0,?,3,2,6,2,2,1,2,1,2,55,12,4,0
201,0,0,1,2,6,2,2,1,2,1,1,72,29,7,1
202,2.9,3,1,2,6,2,2,1,1,2,3,68,?,9,1
203,2.2,3.125,1,2,6,2,1,1,1,2,6,?,19,9,1
204,2.1,0.596154,1,1,6,2,1,1,2,1,1,71,22,9,0
205,2.04,1.159091,1,2,6,2,2,1,2,2,3,73,32,9,1
206,1.26087,?,1,2,6,2,1,1,2,1,2,75,21,8,0
207,3.02,2.15,1,2,6,2,2,1,2,1,3,82,48,9,1
208,3.913043,2.833333,1,2,6,1,2,1,2,2,3,?,?,10,0
209,3.73913,3.809524,3,4,6,2,1,2,2,1,2,92,47,8,1
210,3.159091,3.409091,?,8,6,2,2,1,2,?,?,?,41,7,1
211,4.5,4.333333,1,2,6,2,2,1,2,2,3,104,?,9,1
212,2.472222,2.65625,3,4,6,2,2,2,2,1,2,88,42,10,1
213,3.021739,3.833333,?,4,6,2,2,2,2,1,1,?,39,9,1
214,?,?,1,2,6,2,2,1,2,1,1,66,17,7,0
215,3.759259,4.019231,3,4,6,1,2,2,2,2,3,?,?,8,1
216,4.22,4.136364,1,2,6,2,1,1,1,1,1,92,47,9,1
217,0.32,?,1,2,6,2,2,1,2,0,3,53,15,9,0
218,3.73913,3.571429,3,4,6,1,2,2,2,2,3,?,?,10,1
219,2.15,?,3,4,6,1,2,2,2,1,3,?,?,7,0
220,2.428571,1,1,2,6,2,2,1,2,1,1,63,21,7,0
221,3.434783,3.428571,3,4,6,2,2,2,1,1,2,?,37,4,1
222,1.535714,1.117647,3,4,6,1,2,2,2,2,3,?,?,8,1
223,0.705882,?,3,2,6,2,1,1,2,2,3,?,47,?,0
224,4.113636,3.977273,3,2,6,2,2,1,1,2,5,89,46,8,1
225,?,?,1,2,6,2,1,1,2,1,2,64,21,9,0
226,3.4,3.090909,3,4,6,1,2,2,2,1,3,?,?,7,1
227,2.657895,1.888889,1,4,6,2,2,2,2,0,3,?,14,8,1
228,3.826923,4.347826,1,4,6,1,1,2,2,2,4,?,?,9,1
229,1.086957,1.45,3,4,6,2,2,2,1,1,1,?,?,7,0
230,3.28,2.795455,1,2,6,2,2,1,2,1,1,84,28,9,1
231,0,?,1,2,6,2,2,1,2,0,2,?,16,9,0
232,3.75,3.02381,3,4,6,2,2,2,2,1,2,?,46,9,1
233,0,?,1,2,6,2,1,1,2,1,2,92,?,?,0
234,2.318182,0,1,2,6,2,2,1,1,1,2,63,17,9,1
235,4.057692,3.73913,3,4,6,1,2,2,2,2,3,?,?,9,1
236,1.973684,1.204545,?,4,6,2,2,2,2,1,2,?,?,7,1
237,?,?,3,2,6,2,2,1,2,1,2,74,33,4,0
238,2.571429,0,1,2,6,2,2,1,2,0,3,?,19,7,0
239,3.391304,2.547619,3,4,6,1,1,2,2,2,3,?,?,9,1
240,4.2,4.142857,1,2,6,2,2,1,2,1,1,83,25,3,1
241,2.73913,2.64,3,4,6,1,2,2,2,2,3,?,?,10,1
242,3.694444,3.166667,3,4,6,1,2,2,1,2,3,?,?,8,1
243,2.804348,3,3,4,6,2,2,2,2,1,1,?,42,8,1
244,3,3.153846,3,4,6,1,2,2,2,2,3,?,?,8,1
245,1,1.538462,1,2,6,2,1,1,2,1,7,65,19,7,0
246,1.071429,0,1,2,6,2,1,1,2,1,1,?,31,9,1
247,3.565217,4,1,2,6,1,1,1,1,2,3,86,?,9,1
248,4.309524,4.190476,1,2,6,2,2,1,1,2,4,81,39,9,1
249,2.033333,2.071429,3,4,6,1,2,2,2,1,3,?,?,9,1
250,3.047619,3.195652,1,2,6,2,1,1,2,2,2,79,34,9,1
251,3.409091,2.37037,3,4,6,1,2,2,1,2,3,?,?,8,1
252,4.18,4.152174,3,2,6,1,1,1,2,2,4,?,?,10,0
253,3.954545,3.045455,3,2,6,2,2,1,2,1,1,83,35,8,1
254,4.38,4.272727,1,2,6,2,1,1,2,1,4,73,31,9,1
255,3,3.45,?,4,6,2,2,2,2,1,3,?,?,10,1
256,3.4,3.4,3,2,6,2,1,1,1,2,3,91,33,10,0
257,3.217391,3.25,3,4,6,1,2,2,1,2,4,?,?,8,1
258,3.145833,1.619048,3,2,6,2,2,1,2,2,4,?,38,8,1
259,2.98,2.6,1,2,6,2,2,1,2,1,1,73,28,9,1
260,3.131579,1.25,1,2,6,2,2,1,2,1,1,73,20,9,1
261,3.909091,3.159091,3,4,6,2,1,2,2,1,4,?,49,8,1
262,4.090909,3.840909,3,4,6,2,2,2,2,2,1,?,45,8,1
263,4.176471,4.214286,1,2,6,2,2,1,1,2,4,79,?,8,1
264,3.026316,2.291667,1,2,6,2,1,1,2,1,1,72,25,7,1
265,3.619048,4.041667,3,2,6,2,2,1,1,2,3,?,?,8,1
266,0.26087,2.318182,3,4,6,1,1,2,2,1,3,?,43,8,1
267,3.54,2.142857,1,2,6,2,2,1,2,1,1,75,31,9,1
268,3.611111,3.851852,1,8,6,1,2,1,2,2,7,?,?,10,1
269,0,?,?,4,6,1,2,2,2,2,3,?,?,8,0
270,3.56,3.7,1,2,6,2,1,1,2,1,1,91,46,9,1
271,?,?,2,2,6,2,1,1,1,1,1,80,23,8,0
272,3.475,3.045455,3,4,6,1,2,2,2,1,3,?,?,8,1
273,3.145833,2.5,1,2,6,2,1,1,2,1,1,86,28,9,1
274,3.705882,3.673913,3,4,6,1,2,2,2,1,3,?,?,8,1
275,3.840909,4.26087,1,2,6,2,1,1,2,1,1,92,?,?,1
276,0.714286,0,3,4,6,1,1,2,2,1,3,?,?,8,0
277,3.825,3.225,?,4,6,2,2,2,2,2,3,?,?,?,1
278,3.5,4.02,3,4,6,1,2,2,2,2,3,?,?,10,1
279,4.130435,4.02381,?,4,6,2,2,2,1,1,3,?,42,8,1
280,2.921053,2,3,4,6,1,1,2,2,1,3,?,?,8,1
281,3.5,3.911765,?,4,6,2,1,2,2,1,5,?,35,9,1
282,1.94,2.5,1,2,6,2,2,1,2,1,1,69,36,7,1
283,3.5,2.934783,1,2,6,2,2,1,2,1,1,91,28,9,1
284,2.8,?,1,2,6,2,2,1,2,1,1,76,23,9,0
285,2.97619,3.363636,1,8,6,2,2,1,2,0,6,?,30,9,1
286,4.086957,3.590909,3,4,6,2,2,2,1,1,3,?,?,3,1
287,4.285714,3.886364,3,4,6,2,2,2,2,1,2,?,44,10,1
288,2.852941,2.880952,1,2,6,2,1,1,2,2,1,83,25,7,1
289,2.404762,2.041667,1,2,6,2,2,1,2,0,1,64,?,9,1
290,3.055556,3.480769,3,4,6,1,2,2,2,1,3,?,?,7,1
291,2.7,1.815789,1,2,6,2,1,1,2,1,2,78,32,9,1
292,3.666667,3.58,3,4,6,1,2,2,1,1,4,?,?,9,1
293,2.847826,3.428571,3,4,6,2,2,2,1,1,2,?,32,8,1
294,2.921053,3.846154,1,2,6,2,1,1,1,2,3,93,43,9,1
295,2.880952,2.666667,3,4,6,2,2,2,2,2,3,?,37,4,1
296,0.230769,?,3,4,6,2,2,2,2,1,2,?,39,2,0
297,1.954545,3.125,1,2,6,2,2,1,2,1,3,76,33,4,1
298,2.795455,2.543478,1,2,6,2,1,1,2,1,1,78,?,?,1
299,2.2,1.47619,1,2,6,2,2,1,2,1,1,82,23,7,1
300,0,?,3,4,6,2,2,2,2,0,1,?,48,8,0
301,2.388889,2.7,3,2,6,2,2,1,2,1,2,67,34,9,0
302,3.56,3.175,1,2,6,2,2,1,2,1,1,74,34,9,1
303,3.458333,3.38,?,4,6,2,1,2,1,1,2,?,?,?,1
304,0.45,?,1,2,6,2,2,1,2,1,2,56,23,7,0
305,2.1,?,1,2,6,2,2,1,2,0,1,66,25,9,0
306,0.375,0,3,4,6,2,2,2,2,2,1,?,37,8,0
307,1.979167,1.605263,1,2,6,2,2,1,2,1,1,75,27,9,1
308,4.086957,3.673077,1,1,6,2,1,1,2,1,1,77,31,9,1
309,4.23913,?,1,2,6,2,2,1,1,2,3,105,45,9,0
310,2.23913,3.095238,3,2,6,2,2,1,2,1,1,82,38,8,1
311,3.652174,3.625,3,4,6,2,1,2,1,2,1,?,47,9,1
312,3.68,3.68,3,4,6,1,2,2,1,1,3,?,?,8,1
313,4.043478,?,3,4,6,2,2,2,1,1,2,?,46,9,0
314,3.086957,2.875,1,2,6,2,2,1,2,1,1,76,31,9,1
315,3.681818,2.021739,?,4,6,2,1,2,2,1,5,?,22,10,1
316,3.022727,?,1,2,6,2,2,1,2,1,1,76,16,9,0
317,3.44,3.23913,1,2,6,2,2,1,2,1,1,78,24,7,1
318,0,?,?,4,6,2,2,2,2,1,2,?,38,4,0
319,2.545455,2.842105,1,2,6,2,1,1,1,1,2,67,24,7,1
320,1.34,0.3,1,2,6,2,2,1,2,1,1,68,20,3,1
321,2.730769,3.882353,1,2,6,2,1,1,1,1,3,75,29,7,1
322,0.46,2.84375,3,4,6,2,2,2,2,1,2,?,17,7,1
323,2.275,1.233333,1,2,6,2,1,1,2,1,3,73,24,7,1
324,4.282609,4.238095,3,2,6,2,2,1,2,2,7,?,48,8,1
325,3.916667,3.979167,1,2,6,2,1,1,1,1,4,86,50,8,1
326,3.464286,3.470588,3,4,6,2,2,2,2,1,2,?,38,8,1
327,4.275,4.363636,1,2,6,2,1,1,2,2,4,88,47,9,1
328,3.82,3.6,1,2,6,2,2,1,2,2,3,69,30,9,0
329,2.26,2.076923,3,4,6,1,2,2,1,2,3,?,?,8,1
330,4.225,3.911765,1,2,6,2,2,1,2,2,7,?,35,8,1
331,1.727273,1.9,1,2,6,2,1,1,2,1,3,67,37,9,1
332,3.272727,2.608696,1,2,6,2,1,1,2,2,1,89,?,?,1
333,3.979167,3.333333,?,4,6,2,1,2,2,1,4,?,48,?,1
334,4.214286,4.047619,3,2,6,2,2,1,2,2,5,?,49,10,1
335,4,3.5,3,4,6,1,1,2,2,1,3,?,?,8,1
336,0.695652,?,1,2,6,2,1,1,1,1,1,69,18,4,0
337,2,0,1,2,6,2,2,1,2,1,1,73,33,9,0
338,2.547619,2.891304,1,2,6,2,1,1,2,1,2,78,27,9,0
339,2.733333,3.02381,1,2,6,2,2,1,2,2,3,67,41,9,1
340,3.9,3.928571,3,4,6,1,2,2,1,1,3,?,?,10,1
341,3.152174,2.865385,3,4,6,1,2,2,2,2,3,?,?,8,1
342,3.043478,2.730769,3,4,6,1,2,2,2,1,3,?,?,8,1
343,2.416667,2.708333,3,4,6,1,2,2,2,1,4,?,?,8,1
344,2.842105,0.736842,1,2,6,2,1,1,2,1,1,88,23,9,1
345,3.9,3.727273,3,4,6,1,2,2,2,2,3,?,?,8,1
346,0,?,1,2,6,2,1,1,2,1,2,72,15,3,0
347,1.730769,1.866667,?,4,6,2,1,2,2,1,3,?,35,10,1
348,2.891304,2.730769,1,1,6,2,1,1,2,1,1,82,20,7,1
349,3.277778,2.5,1,2,6,2,1,1,2,1,1,81,?,?,1
350,3.4,?,1,2,6,2,2,1,2,2,3,70,33,9,0
351,3.586957,3.307692,3,4,6,1,2,2,1,1,4,?,?,8,0
352,2.456522,2.380952,3,4,6,2,2,2,2,1,1,?,37,9,1
353,2.25,2.2,1,2,6,2,2,1,2,2,2,83,?,7,1
354,0,0,1,2,6,2,2,1,2,1,1,50,16,9,0
355,2.456522,2.269231,3,4,6,1,2,2,2,1,3,?,?,8,1
356,3.543478,3.038462,1,1,6,2,1,1,2,1,2,76,28,7,1
357,4.152174,3.73913,1,2,6,2,1,1,1,2,4,83,25,9,1
358,4.386364,4.363636,3,8,6,2,2,1,2,0,7,?,49,10,1
359,3.738095,3.125,3,4,6,1,1,2,2,1,3,?,?,8,1
360,4.285714,4.413043,3,4,6,2,1,2,2,1,3,?,47,10,1
361,3.729167,3.653846,3,4,6,1,2,2,2,2,3,?,?,10,1
362,4.022727,4,3,2,6,2,1,1,2,1,3,97,45,9,1
363,2.825,3,1,2,6,2,2,1,2,1,1,77,28,9,1
364,4.25,4.175,?,4,6,2,2,2,2,0,4,?,?,10,1
365,3.875,3.979167,?,4,6,2,2,2,2,1,2,?,48,8,1
366,3.571429,2.717391,1,2,6,2,2,1,2,1,1,84,27,9,1
367,0,1,1,2,6,2,2,1,2,1,1,69,34,9,0
368,4.23913,?,1,2,6,2,1,1,2,1,1,83,45,10,0
369,2.227273,2.62963,1,2,6,2,1,1,2,2,2,?,33,9,1
370,3.479167,3.473684,3,2,6,2,2,1,2,1,3,78,16,9,1
371,4.4375,4.384615,1,8,6,1,1,1,2,2,7,?,48,9,1
372,3.64,3.047619,1,2,6,2,2,1,2,2,4,61,?,9,1
373,2.7,3.204545,3,4,6,1,2,2,1,1,3,?,?,8,1
374,3.3125,3.888889,1,2,6,2,2,1,2,1,3,57,?,7,1
375,1.6,2,3,4,6,2,2,2,2,1,3,?,25,8,1
376,0.357143,0,1,2,6,2,2,1,2,0,3,?,26,4,1
377,3.695652,3.596154,3,2,6,1,2,1,1,2,4,?,?,8,1
378,3.717391,3.152174,3,2,6,2,1,1,2,1,1,86,44,9,1
379,2.5,2.26,3,4,6,1,2,2,2,1,1,?,?,7,1
380,4.041667,4.041667,?,4,6,2,2,2,2,1,4,?,48,8,1
381,4.066667,3.431034,3,2,6,2,2,1,2,2,3,72,31,9,1
382,3.72,2.761905,1,2,6,2,1,1,2,2,2,?,26,9,1
383,0.84,0,1,2,6,2,2,1,2,1,1,74,?,7,1
384,4.065217,3.461538,3,2,6,2,2,1,1,2,1,?,40,4,1
385,0,?,1,2,6,2,2,1,2,0,2,42,9,7,0
386,2.673913,3.138889,3,4,6,2,2,2,2,1,2,?,42,10,1
387,1.230769,3,1,2,6,2,1,1,2,1,2,74,37,9,0
388,2.340909,2.136364,2,2,6,2,1,1,2,1,1,87,?,?,1
389,3.52381,3.404762,3,8,6,2,2,1,2,0,7,?,?,4,1
390,0,0,1,2,6,2,2,1,2,1,1,68,28,1,0
391,3.3,2.727273,1,2,6,2,2,1,2,2,3,?,33,7,1
392,3.1,2.47619,1,2,6,2,2,1,2,1,1,78,19,7,1
393,3,3.275,1,2,6,2,2,1,2,1,2,87,24,9,1
394,3.934783,3.590909,?,4,6,2,2,2,2,1,3,?,48,8,1
395,?,?,1,2,6,2,2,1,1,1,3,93,30,9,0
396,4.083333,4.277778,3,4,6,1,1,2,2,2,3,?,?,9,0
397,1.809524,1.954545,1,2,6,2,2,1,2,2,7,?,18,9,1
398,0.944444,0,3,4,6,1,2,2,1,1,3,?,?,8,0
399,3.175,2.952381,3,4,6,1,2,2,2,1,3,?,?,9,1
400,0,?,1,2,6,2,2,1,2,1,2,66,22,9,0
401,2.227273,2.590909,1,2,6,2,2,1,1,1,3,?,29,9,1
402,2.425,2.767857,3,4,6,1,2,2,2,2,3,?,?,4,1
403,4.166667,3.978261,1,2,6,1,1,1,1,2,4,97,?,9,0
404,2.92,1.777778,1,2,6,2,2,1,2,2,4,?,31,9,0
405,3.020833,2.130435,3,4,6,2,2,2,2,2,3,?,34,8,1
406,2.409091,2.826087,1,2,6,2,1,1,1,2,3,73,27,4,1
407,3.35,4.5,1,2,6,2,1,1,2,1,3,71,21,9,0
408,0.795455,?,1,2,6,2,1,1,2,1,2,74,23,7,0
409,3.23913,3.25,1,2,6,2,2,1,2,2,2,?,46,9,1
410,3.108696,2.6,1,2,6,1,2,1,2,2,7,?,?,?,1
411,4.285714,4.16,?,4,6,2,2,2,2,1,1,?,50,8,1
412,4.264706,4.166667,1,2,6,2,2,1,1,2,3,101,?,9,1
413,2.104167,2.958333,3,4,6,2,2,2,2,1,2,75,48,8,1
414,3.565217,1.86,3,4,6,1,2,2,1,1,3,?,?,10,1
415,2.090909,1.53125,1,2,6,2,1,1,1,1,3,61,19,4,1
416,0,?,1,2,6,2,1,1,1,1,2,77,18,9,0
417,2.045455,?,1,2,6,2,2,1,2,2,1,86,28,9,0
418,4.166667,4.413043,3,2,6,2,2,1,2,2,6,?,?,9,0
419,2.047619,2.368421,1,2,6,2,2,1,1,0,3,?,29,9,1
420,3.130435,2.480769,1,1,6,2,1,1,2,1,1,79,28,9,1
421,2.525,3.388889,?,4,6,2,2,2,2,1,2,?,42,4,1
422,?,?,1,2,6,2,1,1,2,1,4,?,20,7,0
423,2.227273,1.394737,1,2,6,2,1,1,2,1,1,78,?,?,0
424,3.325,3.375,3,2,6,2,2,1,2,2,6,?,29,7,1
425,3.854167,3.791667,3,2,6,2,1,1,2,0,3,92,48,4,1
426,2.44,2.788462,3,4,6,1,2,2,1,2,3,?,?,8,1
427,3.263158,2.565217,1,2,6,2,2,1,2,1,2,85,?,8,1
428,3.217391,3.272727,1,2,6,2,1,1,1,1,2,73,27,9,1
429,2.47619,1.681818,1,2,6,2,2,1,2,0,4,57,29,4,1
430,4,3.884615,1,2,6,2,1,1,2,1,1,96,45,9,1
431,4.309524,4.142857,1,2,6,2,2,1,1,2,3,93,?,9,1
432,3.833333,3.28,1,2,6,2,2,1,2,2,7,?,46,8,1
433,4,4.083333,1,2,6,1,1,1,2,2,3,95,?,9,0
434,2.545455,1.025,3,2,6,2,2,1,2,1,2,69,?,8,0
435,1.54,0.3,1,2,6,2,2,1,2,1,1,62,26,9,1
436,4.113636,3.895833,3,4,6,1,2,2,2,2,3,?,?,10,1
437,4.021739,4.315789,1,2,6,2,2,1,1,2,3,95,30,9,1
438,2.928571,3.125,1,2,6,2,1,1,2,1,1,87,37,9,1
439,3.1,3.295455,3,4,6,1,2,2,2,1,4,?,?,7,1
440,2.071429,?,3,2,6,2,1,1,2,2,2,74,21,8,0
441,4.065217,3.952381,3,4,6,2,2,2,2,1,3,?,47,4,1
442,3.88,3.788462,3,4,6,1,2,2,2,2,3,?,?,8,1
443,2.804348,3.25,3,2,6,2,2,1,2,1,1,80,21,8,1
444,3.0625,?,1,2,6,2,1,1,2,2,2,80,34,9,0
445,2.475,1.586957,1,2,6,2,1,1,2,1,2,71,33,9,1
446,3.94,3.148148,3,4,6,1,1,2,2,2,3,?,?,10,1
447,2.44,1.636364,3,4,6,1,2,2,2,1,3,?,?,8,1
448,2.166667,2.033333,3,4,6,1,2,2,1,1,3,?,?,9,1
449,4.357143,4.409091,1,8,6,2,2,1,2,0,5,?,34,9,1
450,4.111111,3.5,1,2,6,2,1,1,2,2,4,80,47,10,1
451,3.23913,3.309524,3,4,6,2,2,2,1,2,1,?,26,8,1
452,2.478261,2.576923,3,4,6,1,2,2,2,1,4,?,?,7,1
453,2.565217,2,?,4,6,2,2,2,2,1,2,?,42,7,1
454,3.869565,2.782609,3,8,6,2,2,1,2,0,7,?,38,8,1
455,2.98,3.673077,3,4,6,1,1,2,2,2,3,?,?,10,1
456,3.684211,0.136364,1,2,6,2,2,1,2,2,3,92,29,9,0
457,3.82,4.083333,1,1,6,2,1,1,2,2,3,?,29,7,1
458,2.583333,2.875,3,4,6,1,2,2,2,2,3,?,?,8,1
459,3.652174,4,3,4,6,2,2,2,1,1,1,?,46,9,1
460,3.416667,3.886364,3,4,6,1,1,2,2,2,3,?,?,10,1
461,3.907407,4.25,?,4,6,1,1,2,2,1,3,?,48,8,1
462,0,?,1,2,6,2,2,1,2,0,3,71,?,?,0
463,3.1875,4.020833,3,4,6,2,2,2,2,1,1,?,42,8,1
464,4.217391,4.24,3,4,6,1,2,2,1,1,3,?,?,9,1
465,4.285714,4.409091,1,2,6,2,1,1,2,1,4,91,45,9,1
466,0.214286,?,1,2,6,2,2,1,2,1,1,57,18,7,0
467,1.956522,0,1,2,6,2,2,1,2,2,3,68,34,9,0
468,4.166667,4.309524,1,2,6,2,2,1,1,2,3,102,?,9,1
469,3.782609,3.227273,3,4,6,1,2,2,2,2,3,?,?,8,1
470,2.605263,1.880952,1,2,6,2,2,1,2,1,3,65,23,7,1
471,0.5,1.375,1,2,6,2,2,1,2,1,1,56,31,7,0
472,3.886364,4.333333,1,2,6,2,1,1,2,1,4,92,48,9,1
473,3.291667,3.863636,1,2,6,2,2,1,2,1,3,?,19,7,1
474,1.47619,1.333333,1,2,6,2,2,1,2,1,2,75,36,8,1
475,0.326087,1.428571,?,4,6,2,2,2,2,?,?,?,44,10,1
476,2.772727,2.678571,1,2,6,2,2,1,2,0,3,81,25,8,1
477,3.804348,4.096154,3,4,6,2,2,2,1,1,1,?,46,8,1
478,3.54,3.565217,3,4,6,1,2,2,1,1,3,?,?,8,1
479,4.2,3.956522,3,2,6,2,2,1,2,2,3,?,49,8,1
480,4.16,?,3,2,6,2,2,1,2,2,7,79,48,4,0
481,3.3125,3,1,2,6,2,2,1,2,2,6,?,39,8,1
482,2.5,0.6,1,2,6,2,2,1,2,1,1,71,18,7,1
483,3.666667,2.892857,3,4,6,1,2,2,2,1,3,?,?,7,1
484,3.5,1.275,1,2,6,2,2,1,2,1,3,81,44,9,0
485,2.6875,1.294118,1,2,6,2,2,1,2,2,3,85,28,9,1
486,2.291667,0,3,2,6,2,2,1,2,1,2,89,18,7,1
487,3.142857,2.466667,1,2,6,2,1,1,2,1,2,69,21,9,1
488,0,?,3,4,6,2,2,2,2,1,2,?,33,4,0
489,3.18,3.521739,1,2,6,2,2,1,2,1,2,84,31,7,1
490,3.934783,3.9,3,4,6,1,2,2,1,2,3,?,?,10,1
491,2.638889,2.038462,3,4,6,1,2,2,2,1,3,?,?,8,1
492,4.119048,3.386364,3,2,6,2,1,1,2,0,2,?,49,9,1
493,2.916667,2.980769,3,4,6,1,1,2,2,2,3,?,?,10,1
494,3.7,2.583333,1,2,6,2,2,1,2,1,3,78,27,9,1
495,3.68,3.454545,3,4,6,1,2,2,2,2,3,?,?,10,1
496,3.26087,3.4,1,2,6,2,1,1,2,1,1,82,34,9,1
497,2.588235,1.225,1,2,6,2,2,1,2,1,1,80,31,7,0
498,0,?,1,2,6,2,2,1,2,0,3,?,39,4,0
499,3.818182,3.078947,1,2,6,2,2,1,2,2,1,85,35,9,1
500,0,0,1,2,6,2,2,1,2,1,3,?,19,9,1
501,3.785714,2.788462,3,2,6,2,1,1,2,2,6,?,35,8,1
502,2.434783,1.944444,3,4,6,2,2,2,2,1,1,?,39,4,1
503,3.086957,3.543478,?,4,6,2,2,2,2,1,3,?,46,8,0
504,3.38,3.038462,3,4,6,1,2,2,1,2,3,?,?,10,1
505,3.761905,3.818182,?,5,6,2,1,2,2,1,2,?,47,10,1
506,3.852941,2.222222,1,2,6,2,2,1,2,1,3,57,48,9,1
507,3.3,2.886364,1,2,6,2,2,1,2,2,6,?,36,8,0
508,3.769231,3.2,3,4,6,2,2,2,2,1,4,?,?,?,1
509,2.047619,1.725,3,2,6,2,2,1,2,1,1,65,?,7,1
510,4.214286,4.152174,1,2,6,2,1,1,2,2,4,73,49,9,1
511,2,2.416667,?,4,6,2,2,2,2,1,1,?,42,4,1
512,2,2.181818,3,2,6,2,2,1,2,1,6,77,29,4,1
513,3.117647,1.14,3,2,6,2,1,1,1,2,3,53,25,8,1
514,?,?,1,2,6,2,1,1,2,2,2,60,32,9,0
515,2.090909,1,1,2,6,2,1,1,2,1,1,83,41,9,1
516,3.543478,3.386364,3,4,6,1,2,2,2,2,3,?,?,4,1
517,3.326087,2.090909,1,2,6,2,1,1,2,0,3,?,32,9,1
518,2.545455,1.947368,1,2,6,2,1,1,2,1,3,74,22,9,1
519,3.421053,2.886364,1,2,6,2,1,1,2,1,3,80,19,9,1
520,4.340909,3.86,?,4,6,1,1,2,2,2,3,?,41,9,1
521,2.545455,0.732143,3,4,6,1,2,2,1,2,3,?,?,10,1
522,2.694444,2.269231,3,4,6,1,2,2,2,1,3,?,?,7,1
523,2.0625,0,1,2,6,2,2,1,2,1,2,76,?,9,1
524,3.652174,3.714286,1,2,6,2,1,1,1,2,4,75,17,9,1
525,2.25,2.068182,3,4,6,2,2,2,2,1,2,?,40,8,1
526,2.15,3,?,4,6,2,2,2,2,1,1,?,41,4,1
527,0,?,1,2,6,2,2,1,2,1,3,89,?,?,0
528,3.388889,3.458333,3,4,6,2,2,2,2,1,3,?,?,8,1
529,0.722222,?,1,2,6,2,2,1,2,1,1,56,21,7,0
530,2.8,2.980769,3,4,6,1,1,2,2,2,3,?,?,10,1
531,2.275,0.875,1,2,6,2,2,1,2,1,2,65,22,7,0
532,3.02,2.958333,1,1,6,2,1,1,2,1,1,81,20,9,1
533,3.5,3.477273,3,2,6,2,1,1,2,2,2,79,34,7,1
534,4.043478,4,3,4,6,2,2,2,2,1,3,?,43,8,1
535,2.826087,2.615385,3,4,6,1,2,2,2,1,3,?,?,8,1
536,0.97619,?,1,2,6,2,2,1,2,2,2,66,25,8,0
537,3.4,3.391304,1,2,6,2,2,1,2,0,6,?,18,9,1
538,2.263158,1.727273,1,2,6,2,2,1,2,1,2,76,21,7,1
539,0,?,?,4,6,1,1,2,2,?,?,?,?,10,0
540,2.58,3.375,1,2,6,2,1,1,2,1,2,76,27,9,1
541,4.047619,3.529412,3,4,6,2,2,2,2,1,4,?,47,9,1
542,2.583333,1.525,3,4,6,1,2,2,2,1,3,?,43,7,1
543,2.833333,2.818182,1,2,6,2,2,1,2,1,1,85,32,7,1
544,2.5625,2.22,3,4,6,2,2,2,2,2,1,?,49,8,1
545,2.76,2.56,?,4,6,1,2,2,1,1,3,?,?,10,1
546,3.56,3.7,3,2,6,2,2,1,2,1,2,100,44,8,1
547,2.4375,3.227273,1,2,6,2,2,1,2,1,1,79,24,7,1
548,0.386364,?,1,2,6,2,2,1,1,2,2,75,19,9,0
549,2.913043,3.153846,3,4,6,1,2,2,1,1,3,?,?,7,1
550,3.125,1.892857,1,2,6,2,2,1,2,2,3,83,28,9,1
551,4.25,3.571429,1,2,6,2,1,1,2,1,1,93,44,9,1
552,3.6,2.777778,1,2,6,2,2,1,2,1,1,83,38,9,1
553,3.270833,2.729167,3,4,6,1,1,2,2,1,3,?,?,10,1
554,3.5,3.928571,1,2,6,2,1,1,1,2,5,86,41,9,1
555,4.4,4.166667,3,4,6,1,2,2,2,1,3,?,?,7,1
556,4,3.238095,1,2,6,2,2,1,1,1,2,90,?,9,1
557,0.931818,?,1,2,6,2,2,1,2,0,3,?,26,9,0
558,1.575,1.108696,3,2,6,2,2,1,2,1,3,52,21,4,0
559,2.16,1.166667,1,2,6,2,2,1,2,0,5,61,21,7,1
560,3.020833,2.961538,3,4,6,1,2,2,2,1,4,?,?,10,1
561,4.131579,3.90625,1,2,6,2,2,1,2,1,3,98,36,9,1
562,2.833333,1.883333,3,4,6,1,2,2,2,1,3,?,?,8,1
563,3.325,3.318182,3,4,6,1,2,2,2,1,3,?,?,4,1
564,1.157895,?,1,2,6,2,2,1,2,1,3,52,?,7,0
565,3.347826,3.5,1,2,6,2,1,1,1,1,3,?,38,7,1
566,3.305556,3.673077,3,4,6,1,2,2,2,1,3,?,?,7,1
567,2.54,3.108696,1,2,6,2,2,1,2,1,2,66,12,7,1
568,3.269231,2.105263,1,2,6,2,1,1,1,1,2,67,28,9,1
569,0,?,1,2,6,2,2,1,2,1,1,63,23,7,0
570,3.454545,3.346154,1,2,6,2,2,1,1,2,3,69,25,9,1
571,0,?,1,2,6,2,2,1,2,1,2,70,29,9,0
572,2.630435,3.113636,?,4,6,2,2,2,2,1,3,?,36,8,1
573,1.4375,0,1,2,6,2,2,1,2,1,3,71,27,9,0
574,4.021739,3.880952,3,4,6,2,2,2,1,1,1,?,44,7,1
575,2.230769,1.785714,?,4,6,2,2,2,2,1,1,?,38,4,1
576,2,1.833333,1,2,6,2,2,1,2,1,3,54,21,7,1
577,3.73913,4.347826,?,4,6,2,2,2,1,1,2,?,49,7,1
578,0.5625,?,1,2,6,2,1,1,2,1,3,68,15,9,0
579,4.357143,4.409091,1,2,6,2,1,1,2,2,4,82,42,9,1
580,3.804348,3.782609,3,4,6,1,2,2,2,2,3,?,?,8,1
581,4.130435,4.095238,3,2,6,2,1,1,2,2,3,80,44,8,1
582,2.714286,2.722222,1,2,6,2,2,1,2,1,6,?,25,9,0
583,2.869565,3.16,3,4,6,1,2,2,2,2,3,?,?,10,1
584,0.25,?,1,2,6,2,2,1,3,1,2,70,27,9,0
585,1.857143,0.428571,1,2,6,2,1,1,2,2,1,74,24,7,1
586,2.184211,0.5625,1,2,6,2,2,1,2,1,1,66,18,9,1
587,1.805556,2.473684,3,4,6,2,2,2,2,1,2,?,37,8,1
588,3.766667,3.333333,1,2,6,2,1,1,2,2,5,90,?,?,1
589,4.058824,2.886364,3,4,6,1,1,2,2,1,3,?,?,10,1
590,3.895833,3.75,3,4,6,1,2,2,2,2,3,?,46,10,1
591,3.02,2.2,1,2,6,2,1,1,2,1,1,86,20,7,1
592,2.86,2.380952,3,2,6,2,2,1,2,1,2,60,24,4,1
593,3,2.5,1,2,6,2,2,1,2,2,2,75,26,7,1
594,2.18,1.566667,1,2,6,2,2,1,2,1,2,65,?,9,0
595,3.818182,1.75,1,2,6,2,1,1,2,2,3,82,19,10,1
596,3.73913,3.173077,3,4,6,1,2,2,1,2,3,?,?,8,1
597,3.145833,2.727273,3,2,6,2,2,1,2,1,1,77,31,8,0
598,4.1,4.047619,3,4,6,1,2,2,1,1,3,?,?,9,1
599,4.145833,3.5,1,2,6,2,2,1,2,0,2,107,34,9,1
600,3.804348,3.307692,3,4,6,1,2,2,1,2,3,?,?,10,1
601,0.736842,0.833333,1,2,6,2,1,1,2,1,1,70,20,9,1
602,4.16,4,1,2,6,2,2,1,2,1,1,87,30,9,1
603,3.395833,3.673913,3,4,6,1,2,2,2,2,3,?,?,8,1
604,2.815789,1.85,3,4,6,2,2,2,2,1,2,?,30,4,1
605,2.369565,1.78125,?,4,6,2,2,2,1,1,2,?,38,8,1
606,3.441176,1.363636,1,2,6,1,2,1,1,2,3,90,?,9,0
607,3.047619,2.772727,1,2,6,2,2,1,2,2,3,?,29,9,1
608,0.5,1.857143,1,2,6,2,1,1,2,1,2,83,42,9,0
609,3.875,4,3,4,6,1,2,2,2,2,3,?,?,8,1
610,0,0,1,2,6,2,2,1,1,0,2,66,27,9,0
611,3.5,3.25,1,2,6,2,1,1,1,0,7,73,32,10,1
612,4.428571,?,1,2,6,2,2,1,1,2,3,100,?,9,0
613,3.02,3.18,?,4,6,2,2,2,2,1,3,?,45,8,1
614,3.1,3,3,2,6,2,2,1,2,1,1,84,30,9,1
615,3.479167,3.277778,3,2,6,2,1,1,2,2,6,?,42,8,1
616,3.673913,3.075,1,2,6,2,1,1,2,1,1,76,38,9,1
617,3.295455,3.159091,1,2,6,2,1,1,2,1,2,89,20,7,1
618,3.875,4.115385,3,4,6,1,1,2,2,2,3,?,?,10,1
619,1.956522,1.738095,?,4,6,2,2,2,1,1,1,?,36,8,1
620,3.22,2.857143,1,2,6,2,2,1,2,1,1,86,39,9,1
621,3.479167,3.285714,1,2,6,2,1,1,2,1,1,86,39,10,1
622,3.583333,1.666667,1,2,6,2,2,1,2,1,1,?,35,9,1
623,1.184211,0.136364,1,2,6,2,1,1,2,1,1,62,14,7,0
624,3.285714,3.526316,1,2,6,2,2,1,2,2,6,71,34,9,1
625,3.318182,3.565217,1,2,6,2,1,1,2,1,2,90,?,?,1
626,4.142857,4.074074,?,4,6,1,2,2,2,1,3,?,?,9,1
627,3.181818,2.727273,1,4,6,2,1,2,2,1,3,?,38,9,1
628,2.368421,?,1,2,6,2,1,1,2,0,1,74,25,7,0
629,2.25,1.705882,3,2,6,2,2,1,2,1,2,92,35,10,1
630,0.26087,0,1,2,6,2,2,1,2,0,2,45,18,9,0
631,3.58,2.978261,1,2,6,2,2,1,2,1,1,87,36,7,1
632,2.75,2.384615,3,4,6,1,2,2,2,2,3,?,?,8,1
633,3.26087,2.461538,3,4,6,1,1,2,2,2,3,?,?,10,1
634,0,?,1,4,6,2,2,2,2,0,2,67,6,7,0
635,4.4375,4.32,3,4,6,2,2,2,2,0,3,?,48,8,1
636,3.552632,3.78,3,4,6,1,2,2,2,2,3,?,?,8,1
637,1.928571,3.676471,1,2,6,2,2,1,2,1,3,57,22,9,1
638,2.717391,2.384615,3,4,6,1,2,2,1,2,3,?,?,8,1
639,2,2.2,1,2,6,2,2,1,2,1,1,64,?,9,1
640,1.75,0.727273,3,2,6,2,1,1,2,1,2,58,17,9,1
641,0.681818,?,1,2,6,2,2,1,2,1,1,68,16,7,0
642,4.238095,4.086957,1,2,6,2,1,1,2,2,3,88,35,9,1
643,0,0,1,2,6,2,1,1,2,1,2,74,27,9,0
644,3.708333,4,1,2,6,2,1,1,2,1,1,87,46,9,1
645,2.416667,2.125,3,4,6,1,2,2,2,1,3,?,?,3,1
646,2.652174,3.466667,1,2,6,2,2,1,1,1,1,72,20,9,1
647,2.66,0.8,1,2,6,2,2,1,2,1,2,78,26,9,0
648,1.833333,?,3,4,6,2,1,2,1,1,1,?,38,8,0
649,3.916667,4.166667,3,4,6,2,2,2,2,1,1,?,47,7,1
650,2.175,2.25,3,4,6,1,2,2,1,2,3,?,?,8,1
651,0.333333,?,1,2,6,2,1,1,2,1,1,71,27,9,0
652,3.630435,3.416667,3,4,6,2,2,2,1,2,1,?,41,10,1
653,3.205882,2.973684,3,4,6,1,2,2,2,1,3,?,?,10,1
654,2.388889,2.692308,3,4,6,1,2,2,2,1,3,?,?,8,1
655,2.75,?,1,2,6,2,2,1,2,1,3,76,20,9,0
656,4.043478,3.826923,3,4,6,1,2,2,1,2,3,?,?,7,1
657,3.1875,2.923077,3,2,6,2,2,1,2,2,4,?,23,4,1
658,3.75,3.045455,1,2,6,2,1,1,2,2,3,?,?,?,1
659,3.025,2.772727,3,4,6,1,2,2,1,1,4,?,?,8,1
660,4.347826,4.229167,?,4,6,1,2,2,1,2,5,?,?,9,1
661,2.6,1.825,3,2,6,2,2,1,2,1,1,76,32,3,1
662,2.68,2.190476,1,2,6,2,2,1,2,1,3,65,19,7,1
663,3.86,3.722222,1,2,6,2,2,1,2,0,3,78,28,9,1
664,3.52,3.568182,?,2,6,2,1,1,2,0,8,?,40,9,1
665,3.363636,2.444444,3,4,6,1,2,2,1,1,3,?,?,7,1
666,3.586957,3.416667,3,4,6,2,2,2,1,1,2,?,42,8,1
667,2.891304,3.666667,3,4,6,2,2,2,2,2,3,?,26,8,1
668,2,0,3,4,6,2,2,2,2,2,1,?,40,8,1
669,1.9,2.590909,3,4,6,1,2,2,2,1,3,?,?,4,1
670,0.886364,0,1,2,6,2,2,1,2,1,2,?,35,9,0
671,2.75,2.958333,3,4,6,1,1,2,2,1,2,?,?,8,1
672,3.204545,?,1,2,6,2,2,1,2,1,1,84,28,10,0
673,3.880952,3.894737,1,2,6,2,1,1,2,2,3,87,35,9,1
674,4.26087,3.954545,?,4,6,1,2,2,1,2,4,?,48,9,1
675,4.12,4.296296,3,4,6,1,1,2,1,2,3,?,48,10,1
676,2.083333,1.763158,1,2,6,2,1,1,2,0,3,?,?,3,0
677,3.441176,4,1,2,6,2,2,1,1,1,1,94,27,9,1
678,2.416667,0,1,2,6,2,1,1,1,1,2,77,26,3,1
679,0,?,1,2,6,2,1,1,2,2,2,95,45,7,0
680,4.238095,4.318182,3,2,6,2,2,1,2,2,7,?,43,4,1
681,3.42,2.277778,1,2,6,2,2,1,2,1,5,83,31,9,1
682,3.230769,3.021739,3,4,6,1,2,2,2,2,3,?,?,10,1
683,2.729167,2.84,1,4,6,2,1,2,1,1,2,?,38,7,1
684,?,?,1,2,6,2,2,1,2,1,1,80,31,7,0
685,1.55,1.105263,1,2,6,2,2,1,2,1,1,73,18,8,1
686,2.5,2.5,1,1,6,2,1,1,2,1,1,70,20,9,1
687,1.34375,3.142857,1,2,6,2,1,1,2,1,1,77,19,7,1
688,3.38,3.875,1,1,6,2,1,1,2,1,2,63,?,7,1
689,2.630435,2.821429,3,4,6,2,2,2,2,2,1,?,46,10,1
690,4.119048,3.3,3,4,6,2,2,2,2,1,1,?,48,8,1
691,0.176471,0,1,2,6,2,2,1,2,1,1,57,?,?,0
692,3.954545,4,3,2,6,2,1,1,1,2,5,?,48,8,1
693,4.104167,3.7,3,4,6,1,2,2,1,2,3,?,?,10,1
694,2.119048,2.68,3,4,6,1,2,2,2,2,3,?,?,8,1
695,1.785714,?,1,2,6,2,1,1,2,2,3,73,20,9,0
696,3.619048,3.738095,1,2,6,2,2,1,1,2,7,78,37,9,1
697,2.36,?,1,2,6,2,2,1,2,1,2,68,27,7,0
698,3.23913,3.44,3,4,6,1,2,2,1,1,3,?,?,9,1
699,3.97619,3.96,?,5,6,2,2,2,2,0,3,?,49,8,1
700,3.264706,3.5,?,4,6,2,2,2,2,1,1,?,44,4,1
701,3.36,2.44,3,2,6,2,1,1,2,1,2,77,33,8,1
702,3.4375,3.681818,1,2,6,2,1,1,2,0,3,92,41,9,1
703,3.6,2.638889,1,2,6,2,2,1,2,1,2,77,?,9,1
704,0.47619,?,1,2,6,2,1,1,2,1,1,81,31,9,0
705,3.645833,3.305556,3,2,6,2,1,1,2,2,2,95,46,10,1
706,2.886364,?,1,2,6,2,1,1,2,1,2,82,34,9,0
707,1.525,1.84375,1,2,6,2,2,1,2,1,1,79,17,9,1
708,1.571429,1.710526,1,2,6,2,1,1,2,1,1,73,32,9,1
709,2.72,0.909091,1,2,6,2,2,1,2,1,2,63,16,8,1
710,3.847826,3.7,3,4,6,1,2,2,1,1,3,?,?,9,1
711,3.729167,3.761905,1,2,6,2,1,1,2,2,3,98,38,9,1
712,0,?,3,4,6,1,2,2,1,1,6,?,?,7,0
713,4.173913,3.557692,1,1,6,2,1,1,2,1,1,91,27,7,1
714,0.375,?,1,2,6,2,2,1,2,1,1,71,25,3,0
715,4.195652,4.115385,1,1,6,2,1,1,2,1,2,85,41,7,1
716,4.25,3.925,?,4,6,2,2,2,1,1,4,?,?,10,1
717,2.25,2.666667,1,2,6,2,2,1,1,1,2,73,20,7,1
718,3.0625,3.5625,3,4,6,2,2,2,2,2,1,?,48,8,1
719,3.26087,3.714286,1,2,6,2,1,1,2,0,2,82,41,7,1
720,2.863636,3.125,1,2,6,2,2,1,2,2,6,?,17,9,1
721,4.166667,4.444444,3,4,6,2,2,2,1,1,4,?,43,10,1
722,2.176471,2.361111,1,2,6,2,2,1,2,1,3,25,13,3,1
723,2.92,2.25,1,2,6,2,2,1,2,1,1,87,42,9,1
724,3.84,3.28,3,4,6,1,1,2,2,1,3,?,?,7,1
725,3.904762,4.022727,3,8,6,2,2,1,2,1,5,?,47,4,1
726,0,3.7,1,2,6,2,2,1,2,1,4,79,25,9,1
727,3.5,3.08,3,4,6,1,2,2,1,2,3,?,?,10,1
728,4.134615,4.347826,3,4,6,1,2,2,1,2,3,?,47,9,1
729,3.7,0,1,2,6,2,2,1,2,1,2,85,?,9,1
730,2.833333,?,1,2,6,2,1,1,2,1,3,105,?,?,0
731,4.107143,4.111111,1,2,6,2,2,1,2,2,3,96,?,9,1
732,3.225,2.652174,3,2,6,2,1,1,2,1,1,72,33,3,1
733,3.272727,2.727273,1,2,6,2,1,1,2,1,1,84,25,7,1
734,2.909091,2.795455,1,2,6,2,1,1,2,1,1,76,38,7,1
735,2.055556,2.153846,3,4,6,1,2,2,2,2,3,?,?,8,1
736,4.23913,4.45,?,4,6,2,2,2,1,1,2,?,49,10,1
737,2.615385,2.34,3,4,6,1,2,2,1,1,3,?,?,9,1
738,3.97619,3.847826,3,2,6,2,1,1,1,1,1,85,29,9,1
739,2.9,2.625,3,4,6,2,2,2,2,2,2,?,34,8,1
740,2.690476,3.111111,3,4,6,1,2,2,2,1,3,?,?,9,1
741,4.083333,3.980769,3,4,6,1,1,2,1,1,3,?,?,9,1
742,4.304348,3.673077,3,4,6,2,2,2,2,1,1,?,46,8,1
743,2.52,3.225,1,2,6,2,2,1,2,1,3,73,26,9,1
744,3.973684,3.75,3,8,6,2,2,1,2,0,6,?,39,10,1
745,4.125,3.275,3,4,6,1,1,2,2,1,3,?,?,9,1
746,1.675,2.5,3,4,6,1,2,2,1,2,3,?,?,8,1
747,2.82,2.270833,1,1,6,2,1,1,2,1,2,48,?,9,1
748,0.727273,?,1,2,6,2,2,1,2,1,6,75,24,9,0
749,3.388889,3.44,3,4,6,1,2,2,2,1,3,?,?,9,1
750,3.065217,2.631579,1,4,6,2,1,2,2,1,4,?,21,7,1
751,3.108696,3.22,3,8,6,2,2,1,2,0,7,?,19,8,1
752,4,3.94,3,2,6,2,1,1,1,2,3,?,45,8,1
753,3.108696,2.611111,3,4,6,1,1,2,2,1,3,?,?,9,1
754,2.28,1.913043,1,2,6,2,2,1,2,1,1,72,24,7,1
755,2.217391,1.263158,1,2,6,2,1,1,2,2,2,69,16,7,1
756,0,?,3,4,6,2,2,2,1,1,1,?,?,8,0
757,2.434783,2,3,4,6,2,2,2,2,2,1,?,34,8,1
758,3.428571,3.875,1,2,6,2,2,1,1,2,3,?,19,7,1
759,4,3.75,?,4,6,2,2,2,2,1,5,?,?,10,1
760,3.68,3.583333,1,2,6,2,2,1,2,1,1,80,34,9,1
761,4.35,3.96,1,2,6,1,2,1,1,2,3,98,?,9,0
762,0.818182,?,1,2,6,2,2,1,1,1,2,58,15,7,0
763,4.108696,4.1,3,4,6,2,2,2,2,2,1,?,46,10,1
764,2.4,2.590909,3,4,6,1,2,2,2,1,3,?,?,7,1
765,3.295455,2.761905,3,4,6,1,2,2,2,1,3,?,?,10,1
766,3.083333,2.019231,3,4,6,1,2,2,2,1,3,?,?,8,1
767,2.28,2.42,3,4,6,1,2,2,2,2,3,?,?,8,1
768,3.125,3.075,3,2,6,2,2,1,2,2,7,?,?,8,1
769,3.934783,3.880952,3,4,6,2,2,2,1,2,3,?,45,8,1
770,3.26,3.111111,1,2,6,2,2,1,2,1,1,85,26,9,1
771,3.3,3.547619,3,4,6,1,2,2,1,1,3,?,?,9,1
772,3.6,2.5,3,4,6,2,2,2,2,1,1,?,43,9,1
773,2.9375,2.711538,3,4,6,1,2,2,2,2,3,?,?,10,1
774,3.913043,3.452381,3,4,6,2,1,2,2,1,1,?,45,8,1
775,2.68,2.5,3,4,6,1,2,2,2,2,3,?,?,8,1
776,3.76087,3.74,3,4,6,1,2,2,1,2,3,?,?,10,1
777,3.826087,3.522727,1,2,6,2,1,1,1,1,5,91,33,4,1
778,2.413043,1.3,3,4,6,2,2,2,1,1,1,?,25,8,1
779,2.375,2.954545,3,4,6,1,2,2,1,1,5,?,?,7,1
780,3.326087,2.62,3,4,6,1,1,2,2,1,3,?,?,9,1
781,4.041667,4.333333,3,4,6,2,1,2,2,1,3,?,49,10,1
782,4.173913,4.282609,?,4,6,2,2,2,2,1,3,?,44,8,1
783,3.785714,?,3,4,6,2,2,2,2,1,1,?,49,10,0
784,1.96,1.764706,1,2,6,2,2,1,1,1,1,75,16,8,1
785,3.608696,3.613636,1,2,6,2,2,1,1,1,2,73,21,9,1
786,3.222222,3.423077,3,4,6,1,1,2,1,1,3,?,?,4,1
787,1.270833,?,3,4,6,2,2,2,2,1,3,?,44,?,0
788,3.738095,2.454545,1,2,6,2,2,1,1,2,3,?,39,10,1
789,3.210526,1.431818,1,2,6,2,2,1,2,1,1,65,20,8,1
790,2.772727,3.214286,?,4,6,2,2,2,1,1,3,?,49,8,1
791,3.595238,2.236842,1,2,6,2,2,1,2,2,3,81,19,10,1
792,3.3,3.1,1,4,6,2,2,2,2,2,5,?,?,?,1
793,2.44,2.652174,1,2,6,2,2,1,2,1,1,84,30,7,1
794,2.375,2.818182,1,2,6,2,2,1,1,1,1,70,26,9,0
795,2.166667,2.590909,3,4,6,1,2,2,2,1,3,?,?,8,1
796,4.173913,3.891304,?,4,6,2,2,2,2,0,2,?,48,8,1
797,2.282609,0,1,1,6,2,1,1,2,1,3,74,32,8,1
798,3.333333,3.442308,3,4,6,1,2,2,2,2,3,?,?,10,1
799,1.35,0,?,4,6,2,2,2,2,1,2,?,46,8,1
800,2.913043,2.772727,3,4,6,1,2,2,2,2,3,?,?,8,1
801,0.363636,0,1,2,6,2,1,1,2,2,3,85,42,7,1
802,1.92,0.25,1,2,6,2,2,1,2,1,2,73,23,9,1
803,3.652174,3.82,3,4,6,1,2,2,1,2,3,?,?,9,1
804,1.636364,0.863636,1,2,6,2,1,1,2,1,2,79,42,7,1
805,4.02,3.478261,1,2,6,2,2,1,2,1,1,81,37,7,1
806,1.913043,1.233333,1,1,6,2,1,1,2,1,3,64,?,9,0
807,3.386364,2.25,1,2,6,2,1,1,2,1,1,84,?,?,1
808,3.76087,4.027778,1,2,6,2,2,1,1,2,3,88,40,9,1
809,4.5,4.409091,3,2,6,2,1,1,1,2,5,100,50,10,1
810,2.925,2.222222,1,2,6,2,2,1,1,2,2,74,26,9,0
811,2.03125,?,1,2,6,2,2,1,2,2,5,?,?,9,0
812,4.282609,3.722222,1,2,6,2,1,1,1,1,1,92,46,9,1
813,4.369565,3.880952,1,2,6,2,2,1,2,2,7,?,43,7,1
814,2.805556,2.519231,3,4,6,1,2,2,1,1,3,?,?,7,1
815,0.142857,0,1,2,6,2,2,1,2,0,3,55,?,?,0
816,2.071429,2.545455,?,4,6,1,1,2,2,1,3,?,?,8,1
817,4.0625,4.16,3,4,6,2,2,2,2,1,3,?,48,8,1
818,3.233333,3.78125,3,4,6,2,2,2,2,2,3,?,49,8,1
819,4.434783,4.380952,1,2,6,2,1,1,1,1,1,99,29,9,1
820,2.94,3.25,1,2,6,2,2,1,2,1,3,?,21,9,1
821,2.54,2.75,3,4,6,1,1,2,2,2,4,?,?,10,1
822,1.730769,2.363636,3,4,6,2,1,2,1,1,2,73,47,10,1
823,3.684211,2.85,1,2,6,2,1,1,2,1,1,88,27,7,1
824,1.357143,0,1,2,6,2,2,1,2,1,1,62,23,7,1
825,3.42,2.636364,3,4,6,1,2,2,2,2,3,?,?,10,1
826,4.108696,4.14,1,2,6,1,1,1,1,2,6,?,?,9,1
827,2.847826,0.825,1,2,6,2,2,1,2,0,1,81,37,9,1
828,1.86,2,1,2,6,2,2,1,2,1,1,71,28,9,1
829,2.472222,1.26,3,4,6,1,2,2,1,2,3,?,19,8,0
830,4.28,4.068182,1,2,6,2,1,1,1,2,3,97,20,9,1
831,3.673913,3.714286,3,4,6,2,2,2,1,2,2,?,40,4,1
832,4.304348,4.166667,?,4,6,2,2,2,1,1,3,?,48,8,1
833,3.434783,3.134615,3,4,6,1,2,2,1,2,3,?,?,8,1
834,3.208333,2.565217,3,4,6,1,2,2,2,2,3,?,?,8,1
835,3.88,3.863636,1,2,6,2,1,1,2,1,2,69,34,9,1
836,1.5625,0,1,2,6,2,2,1,2,1,2,55,18,9,0
837,3.452381,2.142857,3,4,6,1,2,2,2,1,3,?,?,9,1
838,4.045455,4.434783,1,2,6,2,1,1,2,2,2,?,?,?,1
839,1.15,1.815789,3,2,6,2,1,1,2,2,4,?,25,8,1
840,3.85,4.022727,3,4,6,1,2,2,1,1,3,?,?,7,1
841,3.673913,3.461538,?,4,6,2,1,2,2,1,2,?,48,8,1
842,2.894737,2.740741,3,4,6,1,1,2,2,2,4,?,?,7,1
843,3.888889,3.5,3,2,6,1,2,1,1,2,5,?,?,?,1
844,?,?,1,2,6,2,2,1,2,1,3,65,17,9,0
845,1.125,1.0625,1,2,6,2,1,1,2,1,1,65,14,7,0
846,2.131579,2.981481,3,4,6,1,2,2,2,1,3,?,?,10,1
847,0.705882,?,1,2,6,2,2,1,2,1,1,62,24,8,0
848,1.761905,0,1,2,6,2,2,1,2,1,2,74,?,4,1
849,3.02381,2.772727,3,4,6,2,2,2,2,1,1,?,39,4,1
850,3.368421,3.456522,1,2,6,2,1,1,2,1,1,87,?,8,1
851,3.36,3.56,1,2,6,2,1,1,2,1,3,92,44,8,1
852,2.625,2.8,3,4,6,2,2,2,2,2,3,?,?,8,1
853,0,?,3,4,6,2,2,2,2,2,2,?,16,8,0
854,3.73913,3.315789,?,4,6,2,2,2,2,1,3,?,24,9,1
855,3.825,3.666667,3,4,6,1,2,2,2,2,3,?,?,10,1
856,0,?,1,2,6,2,2,1,2,0,2,50,20,7,0
857,3.76,4.1,3,2,6,2,1,1,2,2,7,?,46,8,1
858,1.261905,0.964286,1,2,6,2,1,1,2,1,2,74,17,9,0
859,3.473684,2.909091,1,8,6,2,2,1,2,2,5,?,22,9,1
860,2.9,2.825,1,2,6,2,2,1,2,1,1,74,36,10,1
861,3.56,3.477273,3,2,6,2,1,1,2,1,1,84,19,10,1
862,2.6,2.433333,1,2,6,2,2,1,2,1,2,70,39,9,1
863,?,?,1,2,6,2,2,1,2,2,3,72,20,9,0
864,3,3.952381,?,4,6,2,2,2,1,1,3,?,46,4,1
865,3.0625,3.282609,3,4,6,2,2,2,2,2,1,?,48,10,1
866,4.295455,4.078947,1,2,6,2,1,1,2,2,5,?,45,10,1
867,3.4,3.096154,3,4,6,2,2,2,2,0,3,?,46,8,1
868,2.46,2.56,?,4,6,2,2,2,2,1,2,?,44,8,1
869,3.630435,3.26,?,4,6,1,1,2,2,1,4,?,49,8,1
870,3.225,1.90625,1,2,6,2,1,1,2,2,2,75,32,9,0
871,2.76087,2.229167,1,2,6,2,2,1,2,1,2,71,34,9,1
872,3.5,3.42,3,4,6,1,2,2,2,1,4,?,?,10,1
873,2.333333,2.634615,3,4,6,1,2,2,1,1,3,?,?,7,1
874,4.136364,3.977273,1,2,6,2,2,1,2,1,1,89,40,7,1
875,4.047619,3.76,1,2,6,2,1,1,2,1,2,88,47,9,1
876,2.65,3.05,1,2,6,2,1,1,2,1,1,84,21,9,1
877,1.578947,2.1,1,2,6,1,2,1,2,2,3,?,?,?,1
878,3.261905,2.956522,1,2,6,2,1,1,2,1,1,88,30,9,1
879,4.214286,4.071429,1,2,6,2,2,1,1,2,3,?,37,9,1
880,3.86,4.340909,1,2,6,2,2,1,1,2,2,87,47,10,0
881,3.1,3.022727,3,4,6,1,2,2,2,2,3,?,?,8,1
882,2.5625,2.068182,3,4,6,2,2,2,2,1,3,?,43,8,1
883,4.105263,4.159091,1,8,6,2,2,1,2,0,8,?,32,9,1
884,4.369565,4.5,3,1,6,2,1,1,2,2,4,85,46,10,1
885,2.956522,2.704545,3,4,6,1,1,2,2,1,3,?,?,7,1
886,4.181818,3.714286,3,2,6,2,2,1,2,2,3,?,35,10,1
887,4.357143,4.5,1,2,6,2,1,1,1,2,5,?,50,9,1
888,3.214286,3.068182,?,4,6,2,2,2,2,1,3,?,44,10,1
889,0.727273,0.692308,1,2,6,2,1,1,2,1,2,71,27,9,1
890,3.8125,3.547619,3,4,6,2,1,2,2,2,1,?,46,10,1
891,2.642857,3.104167,?,5,6,2,2,2,2,1,3,?,43,4,1
892,3.73913,2.7,3,4,6,1,2,2,2,1,3,?,?,9,1
893,3.14,3.7,1,2,6,2,2,1,2,1,1,77,33,9,1
894,3.826087,3.7,3,4,6,1,2,2,1,1,3,?,?,8,1
895,3.690476,2.625,3,4,6,2,2,2,2,1,3,?,44,8,1
896,3.909091,3.318182,3,4,6,2,2,2,2,2,3,?,24,8,1
897,3.309524,3.631579,1,2,6,2,1,1,2,1,1,78,20,9,1
898,1.833333,?,3,4,6,2,2,2,2,1,1,?,44,8,0
899,3.34,3.42,1,2,6,2,2,1,2,1,1,72,16,3,1
900,3.1,3.5,1,2,6,2,2,1,1,1,2,84,?,9,1
901,4.184211,3.975,1,2,6,2,2,1,2,1,3,82,30,9,1
902,4.25,3.865385,3,4,6,1,2,2,1,1,3,?,?,8,1
903,2.75,2.875,1,2,6,2,1,1,1,1,2,87,40,9,1
904,0.761905,?,1,2,6,2,1,1,2,1,1,73,25,7,0
905,2.5,2.545455,3,4,6,2,2,2,2,1,2,?,25,8,0
906,3.02381,2.545455,?,4,6,2,2,2,2,1,1,?,48,4,1
907,3.3,3.5,3,4,6,1,2,2,2,1,3,?,?,7,1
908,0.545455,?,1,2,6,2,2,1,2,2,3,76,?,9,0
909,4.104167,4.0625,1,2,6,2,2,1,2,1,3,92,47,4,1
910,4.1,2.815789,?,5,6,2,1,2,2,1,3,?,48,10,1
911,4.295455,4.28,?,4,6,2,1,2,2,1,5,?,44,7,1
912,4.5,4.461538,1,2,6,1,1,1,1,2,4,?,?,9,1
913,3.625,3.12,?,4,6,2,2,2,1,1,1,?,44,7,0
914,1.928571,1.617647,1,2,6,2,2,1,2,1,1,51,19,9,1
915,1.428571,?,3,2,6,2,1,1,2,1,1,62,25,4,0
916,0,?,1,2,6,2,1,1,1,1,1,65,11,7,0
917,2.880952,2.166667,3,8,6,2,2,1,2,1,4,74,18,9,1
918,3.62,4,1,1,6,2,1,1,2,2,3,85,29,9,0
919,3.76,4.083333,1,1,6,2,1,1,2,2,4,?,?,3,1
920,3.56,3.153846,3,4,6,1,2,2,2,2,3,?,?,8,1
921,3.3,3.108696,1,2,6,2,2,1,2,1,2,68,20,7,1
922,2.107143,3,3,4,6,1,2,2,2,1,3,?,?,8,1
923,2.958333,3.160714,3,4,6,1,2,2,1,2,3,?,?,8,1
924,3.785714,3.652174,1,2,6,2,1,1,1,1,1,90,29,9,1
925,?,?,1,2,6,2,2,1,2,0,3,61,19,9,0
926,2.934783,2.730769,3,4,6,1,2,2,2,2,3,?,?,8,1
927,3.16,2.98,1,2,6,2,1,1,2,0,4,93,31,7,1
928,4.04,3.925,3,2,6,2,2,1,2,1,1,87,38,9,1
929,0,?,1,2,6,2,1,1,2,0,2,83,43,9,0
930,2,0,3,2,6,2,2,1,1,1,1,57,29,4,0
931,2.275,2.636364,3,4,6,1,2,2,2,1,4,?,?,7,1
932,3.043478,2.413043,1,2,6,2,2,1,2,1,1,81,42,7,1
933,2.978261,3.04,3,4,6,1,2,2,2,2,3,?,?,10,1
934,3.521739,2.782609,1,2,6,1,2,1,2,2,7,?,?,10,1
935,4.431818,4.409091,1,2,6,2,1,1,2,2,4,98,45,9,1
936,3.522727,3.022727,1,2,6,2,2,1,2,2,4,?,25,9,1
937,0,?,1,2,6,2,2,1,2,1,1,77,22,7,0
938,3.347826,1.710526,1,2,6,2,2,1,2,1,2,69,27,9,1
939,3.145833,2.777778,1,2,6,2,2,1,2,2,2,94,27,9,1
940,3.675,3.761905,3,4,6,1,2,2,1,2,3,?,?,8,1
941,0.652174,?,3,4,6,1,2,2,2,1,3,?,?,9,0
942,3.125,1.269231,3,2,6,2,1,1,2,2,2,63,43,4,1
943,3.825,3.568182,3,4,6,1,2,2,1,1,3,?,?,8,1
944,1.642857,?,1,2,6,2,1,1,2,1,1,87,24,7,0
945,3.847826,3.84,?,4,6,2,1,2,2,1,5,?,34,10,1
946,4.38,4.5,1,1,6,2,1,1,2,2,3,85,45,9,1
947,3.333333,3.652174,3,4,6,2,2,2,2,2,1,?,47,9,1
948,3.270833,3.45,3,2,6,2,2,1,2,2,5,?,16,10,1
949,2.82,2.02,3,4,6,1,2,2,2,1,3,?,?,4,1
950,2.795455,2.684211,?,4,6,2,2,2,2,1,2,?,48,8,1
951,2.095238,2.045455,1,2,6,2,2,1,2,2,2,?,22,3,1
952,3.73913,3.211538,3,4,6,1,2,2,2,1,3,?,?,8,1
953,3.6875,3.3,?,4,6,2,2,2,2,1,2,?,49,8,1
954,2.861111,1.478261,3,2,6,2,1,1,2,2,2,68,30,10,1
955,3.236842,1.233333,1,2,6,2,2,1,2,1,1,74,32,9,1
956,4,4,1,2,6,2,1,1,1,2,2,86,36,9,1
957,3.809524,3.652174,1,2,6,2,1,1,2,1,1,88,27,9,1
958,2.608696,2.846154,3,4,6,1,2,2,2,2,3,?,?,10,1
959,4.159091,4.421053,3,2,6,2,1,1,2,1,1,92,23,9,1
960,2.611111,2.470588,3,4,6,1,2,2,2,1,3,?,?,9,1
961,2.75,3.125,3,4,6,1,2,2,2,2,3,?,?,10,1
962,2.35,2.403846,3,4,6,1,2,2,1,2,4,?,?,8,1
963,1.857143,0,1,2,6,2,2,1,2,1,2,76,27,7,1
964,2.791667,2.357143,3,4,6,2,2,2,2,1,2,?,48,8,1
965,3.152174,3,3,4,6,1,2,2,1,2,3,?,?,10,1
966,2.5625,3.0625,3,4,6,1,2,2,2,2,3,?,?,8,1
967,3,2.961538,3,4,6,1,2,2,2,2,3,?,?,8,0
968,3.6875,4.047619,3,2,6,2,1,1,2,1,2,?,49,10,1
969,3.458333,3.727273,1,2,6,2,1,1,2,2,4,?,40,10,1
970,0,?,3,4,6,2,2,2,2,1,1,?,44,8,0
971,2.46875,0.933333,1,2,6,2,2,1,1,1,1,69,18,1,1
972,4.125,3.903846,3,4,6,1,1,2,2,1,3,?,?,10,1
973,1.363636,0.695652,1,2,6,2,2,1,2,1,2,78,36,9,0
974,2.852941,3.113636,3,4,6,1,2,2,1,2,3,?,?,10,1
975,3.03125,2.125,3,4,6,2,2,2,2,1,3,?,39,8,1
976,1.789474,1.5,1,2,6,2,1,1,2,1,1,76,14,9,0
977,2.104167,3.090909,1,2,6,2,2,1,2,1,1,75,22,7,1
978,3.761905,3.217391,1,2,6,2,1,1,2,2,3,89,30,10,1
979,3.891304,4.142857,3,4,6,2,2,2,1,2,1,?,42,8,1
980,4,2.809524,?,4,6,1,2,2,2,1,3,?,49,10,1
981,3.975,3.894737,1,2,6,2,1,1,2,1,1,95,25,9,1
982,3.333333,2.660714,3,4,6,1,2,2,2,2,3,?,?,4,1
983,3.625,2.892857,3,4,6,1,2,2,2,2,3,?,?,8,1
984,4.043478,3.9,3,4,6,1,2,2,1,1,3,?,?,10,1
985,?,?,1,2,6,2,2,1,2,1,2,59,19,3,0
986,1.875,2,?,5,6,2,2,2,2,1,1,?,44,4,1
987,3.605263,2.818182,1,2,6,2,2,1,2,1,2,59,?,9,1
988,3.673913,3.869565,?,4,6,2,2,2,2,1,3,?,45,7,1
989,2.75,2.382353,3,4,6,2,2,2,2,1,2,?,48,9,1
990,2.28,3.375,1,2,6,2,1,1,2,1,2,77,26,9,1
991,4.347826,3.452381,1,2,6,1,1,1,2,2,3,?,?,9,1
992,3.020833,3.846154,3,4,6,1,2,2,2,2,3,?,?,10,1
993,2.125,0,1,2,6,2,1,1,2,0,2,80,36,9,0
994,3.934783,3.68,3,4,6,1,2,2,1,2,3,?,?,8,1
995,4.369565,4.357143,3,2,6,2,1,1,2,2,6,?,49,4,1
996,4.05,3.204545,1,2,6,1,1,1,1,2,3,?,?,9,0
997,0.625,0,1,2,6,2,2,1,2,2,3,?,26,9,1
998,2.392857,3.222222,1,2,6,2,1,1,2,1,1,79,42,7,0
999,3.794118,3.818182,3,4,6,1,2,2,1,2,4,?,?,10,1
1000,3.083333,3.25,3,4,6,1,2,2,2,1,3,?,?,8,1
1001,2.5,1.833333,1,2,6,2,2,1,2,1,2,78,29,7,1
1002,3.347826,3.136364,1,2,6,2,2,1,1,2,2,94,44,7,1
1003,3.673913,3.2,3,2,6,2,1,1,2,1,1,76,30,7,1
1004,2.613636,2.03125,1,2,6,2,1,1,2,2,1,80,29,7,0
1005,0.225,0,1,2,6,2,2,1,2,1,2,60,27,9,0
1006,0,?,1,2,6,2,1,1,1,1,3,66,20,9,0
1007,2.826087,1.807692,3,4,6,1,1,2,2,1,3,?,?,9,1
1008,3.380952,2.333333,1,2,6,2,1,1,1,1,1,92,40,9,0
1009,3.428571,1.433333,1,2,6,2,1,1,1,1,3,89,49,7,1
1010,0.204545,?,1,2,6,2,2,1,2,2,2,65,22,9,0
1011,3.166667,2.5,3,2,6,2,2,1,1,1,3,80,26,10,1
1012,3.2,2.595238,1,2,6,2,2,1,2,1,1,78,24,7,1
1013,2.675,3.333333,3,4,6,1,2,2,1,1,3,?,?,9,1
1014,4.2,3.65625,1,2,6,1,1,1,1,2,3,?,?,9,0
1015,2.5625,2.681818,3,8,6,2,2,1,1,0,4,?,47,8,1
1016,3.571429,2.788462,1,2,6,2,2,1,2,2,2,87,39,9,1
1017,1.5,1.6,1,2,6,2,1,1,2,1,2,78,31,9,1
1018,3.326087,3.519231,3,4,6,1,2,2,2,1,3,?,?,8,1
1019,4.204545,3.98,3,4,6,2,2,2,1,2,2,?,48,8,1
1020,2.159091,2.865385,3,4,6,1,2,2,2,2,3,?,?,10,1
1021,3.607143,3.423077,1,2,6,2,2,1,1,1,3,89,?,3,1
1022,0,?,3,4,6,1,2,2,2,1,3,?,?,8,0
1023,1.5,2.444444,1,2,6,2,2,1,2,1,1,85,18,7,1
1024,3.6,3.1,1,2,6,2,2,1,2,1,1,77,31,9,1
1025,2.725,2.195652,1,2,6,2,2,1,2,1,1,82,43,9,1
1026,0,?,1,2,6,2,2,1,2,1,2,52,18,3,0
1027,0.409091,1.7,3,4,6,2,2,2,2,0,1,?,32,4,1
1028,3.652174,3.807692,3,4,6,1,2,2,1,2,3,?,?,8,1
1029,3.4375,2.978261,1,2,6,2,1,1,2,1,2,69,17,4,1
1030,4.065217,3.717391,3,4,6,2,2,2,2,1,1,?,49,9,1
1031,2.475,1.416667,1,2,6,2,1,1,2,1,1,71,31,9,1
1032,3.022727,2.5,1,2,6,2,2,1,2,1,1,77,22,9,1
1033,0,?,1,2,6,2,2,1,2,1,3,53,16,9,0
1034,2.75,3.166667,?,4,6,2,2,2,2,1,3,?,44,4,1
1035,4.272727,4.25,3,8,6,2,2,1,2,2,7,?,48,8,1
1036,3.86,3.961538,1,2,6,2,1,1,2,1,1,95,42,9,1
1037,3.7,3.380952,3,4,6,1,2,2,2,1,4,?,?,9,1
1038,3.875,3.416667,3,4,6,2,2,2,2,1,1,?,48,8,1
1039,4.090909,3.861111,1,2,6,2,2,1,2,1,5,81,28,9,1
1040,4.195652,4.119048,3,2,6,2,1,1,1,2,7,?,47,10,1
1041,3.56,3.190476,1,2,6,2,2,1,2,1,3,71,29,9,1
1042,3.54,2.907407,?,4,6,1,1,2,2,1,3,?,?,10,1
1043,1.53125,0,3,2,6,2,2,1,2,1,3,71,24,?,1
1044,2.613636,2.87931,3,4,6,1,1,2,2,1,3,?,?,8,1
1045,0.76087,0,1,2,6,2,1,1,2,1,1,79,34,9,0
1046,2.642857,2.725,1,2,6,2,2,1,2,1,1,81,23,9,1
1047,3.090909,2.772727,1,2,6,2,1,1,1,1,2,83,32,9,1
1048,2.92,2.928571,1,2,6,2,1,1,2,1,1,79,26,9,1
1049,3.456522,2.557692,3,4,6,1,2,2,2,1,3,?,?,7,1
1050,4.195652,3.825,?,4,6,2,2,2,2,1,3,?,49,10,1
1051,2.380952,2.130435,1,2,6,2,2,1,2,1,1,78,31,9,1
1052,3.421053,?,3,2,6,2,2,1,2,2,7,?,45,8,0
1053,3.75,3.694444,1,2,6,2,1,1,2,1,1,84,42,9,1
1054,1,1.25,1,2,6,2,2,1,2,1,1,81,27,9,0
1055,3.804348,3.519231,3,4,6,1,2,2,1,2,3,?,?,10,1
1056,3.880952,3.568182,1,2,6,2,1,1,2,1,1,89,38,9,1
1057,1.305556,?,3,2,6,2,1,1,2,1,1,75,44,7,0
1058,0,0,3,4,6,2,1,2,2,1,3,?,?,8,0
1059,2.86,2.375,3,4,6,2,1,2,2,0,1,?,19,8,1
1060,1.809524,1.619048,1,2,6,2,2,1,2,1,1,78,23,7,0
1061,3.934783,3.72,3,4,6,1,2,2,2,2,4,?,?,10,1
1062,3.194444,3.519231,3,4,6,1,2,2,2,1,3,?,?,7,1
1063,3.568182,2.931818,3,4,6,2,1,2,2,1,1,?,41,8,1
1064,3.475,3.681818,?,4,6,1,2,2,2,2,4,?,38,8,1
1065,2.73913,2.307692,3,4,6,1,2,2,2,2,3,?,?,8,1
1066,1.782609,1.891304,3,4,6,2,2,2,2,2,1,?,43,8,1
1067,2.657895,0.3,1,2,6,2,1,1,2,2,3,88,25,7,0
1068,0.315789,?,1,2,6,2,2,1,2,1,3,55,22,9,0
1069,2.2,2.59375,1,2,6,2,2,1,1,2,4,?,27,9,1
1070,2.5,3.045455,3,4,6,1,2,2,2,1,3,?,?,8,1
1071,0,2.636364,3,4,6,2,1,2,1,2,4,?,48,9,0
1072,3.175,3.522727,?,4,6,2,2,2,1,1,1,?,16,10,1
1073,3.94,2.695652,3,2,6,2,2,1,2,1,2,78,48,4,1
1074,3.666667,3.166667,1,2,6,2,2,1,1,2,3,79,20,?,1
1075,0,0,1,2,6,2,2,1,2,0,2,?,21,9,1
1076,3.891304,4.019231,1,4,6,1,1,2,1,2,4,?,?,9,1
1077,4,3.904762,1,2,6,2,2,1,1,1,1,94,?,9,1
1078,2.947368,2.586957,3,4,6,1,2,2,2,1,3,?,?,3,1
1079,2.642857,0,1,2,6,2,1,1,2,1,2,69,43,8,1
1080,4.23913,4.357143,?,4,6,2,1,2,1,1,3,?,50,8,1
1081,0,?,1,2,6,2,2,1,2,1,1,67,31,9,0
1082,3.368421,3.12,1,2,6,2,2,1,2,1,1,79,?,9,1
1083,3.266667,2.44,3,4,6,1,2,2,2,2,3,?,?,8,1
1084,3.236842,2.763158,3,4,6,2,2,2,2,1,2,?,22,8,1
1085,1.928571,2.043478,1,2,6,2,2,1,2,1,2,68,11,3,1
1086,2,1.210526,1,2,6,2,1,1,1,1,2,74,24,9,1
1087,2.470588,2.18,3,4,6,2,2,2,2,1,3,?,22,8,1
1088,3.227273,3.130435,1,2,6,2,1,1,2,2,2,89,30,?,1
1089,0,0,1,2,6,2,2,1,2,1,1,73,32,9,0
1090,3.630435,3.833333,1,8,6,2,2,1,1,0,6,?,46,8,1
1091,2.727273,2.295455,3,4,6,2,2,2,2,1,3,?,31,7,1
1092,2.190476,1.411765,?,4,6,2,2,2,2,1,3,?,18,8,1
1093,3.119048,3.041667,1,2,6,2,1,1,2,1,2,74,36,8,1
1094,1.03125,0.666667,1,2,6,2,2,1,1,1,1,74,18,3,0
1095,0,2.125,1,2,6,2,1,1,2,2,3,71,19,9,1
1096,4.357143,3.886364,?,5,6,2,1,2,1,1,3,?,49,10,1
1097,3.675,3.5,3,4,6,1,2,2,2,2,2,?,?,8,1
1098,0,0,?,4,6,2,2,2,2,1,2,?,48,9,0
1099,2.6,2.605263,3,4,6,1,2,2,2,1,3,?,?,10,1
1100,2.826087,1.725,1,2,6,2,2,1,1,1,3,71,17,9,1
1101,1.192308,1.214286,3,2,6,2,2,1,2,1,2,52,29,4,1
1102,2.894737,2.46,3,4,6,1,2,2,2,1,3,?,?,10,1
1103,3.391304,3.1,3,4,6,1,2,2,2,2,3,?,?,4,1
1104,3.395833,3.478261,3,4,6,1,1,2,2,1,4,?,?,9,1
1105,3.04,2.590909,3,4,6,1,1,2,2,2,3,?,?,10,0
1106,3.675,3.931818,3,4,6,1,2,2,1,1,3,?,?,7,1
1107,2.04,1.875,3,4,6,2,2,2,1,2,3,?,24,4,1
1108,3.595238,3.340909,1,2,6,2,1,1,2,1,2,79,34,9,1
1109,3.961538,4.108696,3,4,6,1,2,2,2,2,3,?,?,10,1
1110,3.23913,3.527778,1,2,6,2,2,1,1,1,1,96,27,9,0
1111,4.076923,3.108696,1,2,6,2,2,1,2,1,2,92,45,9,1
1112,4.403846,4.434783,1,2,6,1,2,1,2,2,3,?,?,9,1
1113,0,?,1,2,6,2,2,1,2,1,2,67,26,9,0
1114,3.854167,3.791667,?,4,6,2,2,2,2,1,1,?,49,8,1
1115,0,?,3,4,6,1,2,2,2,1,3,?,?,8,0
1116,4.166667,4.111111,1,2,6,2,2,1,1,2,3,94,?,9,1
1117,4.28,4.340909,1,2,6,2,1,1,2,1,3,72,42,9,1
1118,1.676471,1.733333,1,2,6,2,1,1,2,1,1,81,31,9,1
1119,1.9,2.071429,1,2,6,2,2,1,2,1,1,?,22,8,1
1120,3.795455,?,1,2,6,2,1,1,2,1,1,85,?,?,0
1121,0.25,?,1,2,6,2,2,1,2,1,1,67,22,7,0
1122,3.979167,3.589286,3,4,6,1,2,2,1,2,3,?,?,4,1
1123,2.26,1.8,1,2,6,2,1,1,2,1,1,80,22,3,1
1124,3.3,3.275,1,2,6,2,2,1,2,1,3,77,16,9,1
1125,2.978261,2.134615,1,1,6,2,1,1,2,1,1,88,27,9,1
1126,3.475,3.454545,3,4,6,1,2,2,1,2,4,?,?,8,1
1127,3.6,3.775,?,4,6,2,2,2,2,1,4,?,?,8,1
1128,4.086957,3.94,?,4,6,1,2,2,1,2,2,?,?,9,1
1129,1.676471,2.678571,3,4,6,2,2,2,2,2,1,?,12,4,0
1130,4.354167,4.340909,1,2,6,2,2,1,1,1,3,96,41,9,1
1131,3.131579,2,1,2,6,2,1,1,2,2,4,68,13,9,1
1132,3.431818,1.795455,1,2,6,2,1,1,2,1,2,78,21,7,1
1133,3.043478,3.08,3,4,6,1,2,2,2,2,3,?,?,8,1
1134,2.32,2.45,1,2,6,2,2,1,2,1,2,81,30,7,1
1135,0.48,?,1,2,6,2,2,1,2,1,1,70,24,9,0
1136,3.333333,3.46,3,4,6,1,2,2,1,1,3,?,?,9,1
1137,3.105263,2.666667,1,2,6,2,1,1,1,2,2,82,?,?,1
1138,3.568182,2.826923,?,4,6,2,2,2,1,1,3,?,31,4,1
1139,3.309524,2.868421,1,2,6,2,1,1,2,2,3,?,30,10,1
1140,3.979167,4.227273,3,8,6,2,2,1,2,1,6,84,48,8,1
1141,2.204545,2.347826,1,2,6,2,2,1,2,2,2,?,18,7,1
1142,2.880952,2.47619,1,1,6,2,1,1,2,1,2,68,21,7,1
1143,2.454545,1.84375,1,2,6,2,2,1,2,1,2,72,31,7,1
1144,4.434783,4.5,1,2,6,2,1,1,2,1,1,93,44,9,1
1145,3.659091,3.526316,1,2,6,1,2,1,1,2,6,?,?,8,1
1146,4.217391,4.270833,3,4,6,1,1,2,1,2,3,?,?,10,1
1147,4.369565,4.357143,3,4,6,2,2,2,1,1,2,?,49,7,1
1148,3.56,1.309524,1,2,6,2,2,1,2,1,1,83,24,7,1
1149,3.869565,3.291667,3,4,6,1,1,2,2,2,3,?,?,10,1
1150,2.825,3.595238,?,4,6,2,2,2,2,1,3,?,46,4,1
1151,3.8,3.795455,3,4,6,1,2,2,1,1,3,?,?,7,1
1152,2.833333,2.28,3,4,6,2,1,2,1,1,2,84,48,8,1
1153,3.608696,2.630435,3,4,6,2,2,2,2,1,1,?,44,4,1
1154,2.916667,3.416667,3,4,6,1,2,2,2,2,3,?,34,10,1
1155,2.934783,2.846154,3,4,6,1,2,2,2,2,3,?,?,8,1
1156,3.090909,2.981481,1,4,6,1,2,2,2,2,4,?,?,8,1
1157,2.047619,2.404762,?,4,6,1,2,2,2,1,3,?,?,7,1
1158,3.630435,4.02381,3,4,6,2,2,2,2,2,1,?,45,7,1
1159,1.5,2.545455,1,2,6,2,2,1,2,2,3,80,25,7,0
1160,2.913043,3.173077,3,2,6,1,2,1,1,2,5,?,?,8,1
1161,2.547619,2,1,2,6,2,2,1,2,1,1,?,14,7,1
1162,3.5,3.022727,1,2,6,2,1,1,2,2,2,80,22,9,1
1163,3.238095,3.230769,3,4,6,2,2,2,1,2,1,?,32,8,1
1164,3.270833,3.410714,3,4,6,1,2,2,2,2,3,?,?,8,1
1165,3.8125,3.84,?,4,6,1,2,2,2,1,3,?,?,8,1
1166,0,?,1,2,6,2,2,1,2,2,2,67,?,?,0
1167,2.5,?,?,4,6,2,2,2,2,1,2,?,47,10,0
1168,2.318182,1.552632,3,2,6,2,2,1,2,1,2,78,23,4,1
1169,4.021739,3.952381,3,4,6,2,2,2,1,2,1,?,43,8,1
1170,0.285714,?,1,2,6,2,1,1,2,1,2,93,23,7,0
1171,4.363636,4.184211,1,8,6,2,2,1,2,0,7,?,39,10,1
1172,4.052632,3.222222,1,2,6,2,1,1,1,0,2,87,38,9,1
1173,3.380952,2.840909,1,2,6,2,1,1,2,0,4,91,48,7,1
1174,2.5,2.452381,3,4,6,1,2,2,2,1,3,?,?,7,1
1175,4.309524,4.357143,1,2,6,2,2,1,2,1,4,84,43,9,1
1176,1.75,1.071429,3,4,6,1,2,2,2,1,4,?,?,8,1
1177,2.964286,3.111111,1,2,6,2,2,1,1,2,3,86,?,9,1
1178,3.368421,2.152174,3,2,6,2,1,1,2,1,3,74,24,4,1
1179,3.26087,2.857143,?,4,6,2,1,2,2,1,2,?,45,8,1
1180,1,1.380952,3,4,6,2,2,2,1,2,1,?,26,8,0
1181,0.375,0,1,2,6,2,1,1,1,1,2,63,22,9,0
1182,3.28,3.166667,1,1,6,2,1,1,2,1,1,90,31,9,1
1183,1.477273,1.5,3,4,6,2,2,2,2,2,1,?,15,10,1
1184,2.357143,2.45,3,2,6,2,2,1,1,0,2,86,30,7,1
1185,4.045455,4.236842,1,2,6,2,2,1,2,1,2,92,38,9,1
1186,4,3.666667,1,2,6,2,2,1,1,2,3,86,?,9,1
1187,0,?,?,4,6,2,2,2,2,1,1,?,45,8,0
1188,3.6,3.022727,3,4,6,1,2,2,1,2,3,?,?,8,1
1189,3.571429,2.477273,3,4,6,1,2,2,2,1,4,?,?,4,1
1190,3.852941,4.029412,1,2,6,2,1,1,2,0,7,?,34,9,1
1191,1.964286,2.868421,3,4,6,2,2,2,2,2,1,?,44,10,1
1192,4.285714,3.964286,?,4,6,2,2,2,2,1,3,?,47,10,1
1193,3.4,3.096154,3,4,6,2,1,2,2,1,2,?,46,10,1
1194,2.25,?,1,2,6,2,2,1,2,1,3,59,20,9,0
1195,3.204545,3.875,1,2,6,2,1,1,1,1,3,?,23,9,1
1196,3.543478,3.538462,?,4,6,1,2,2,2,1,4,?,35,10,1
1197,3.76,2.98,3,4,6,1,1,2,2,1,3,?,?,7,1
1198,4.23913,4.021739,1,2,6,1,1,1,2,2,3,107,?,9,1
1199,3.619048,3.565217,1,2,6,2,1,1,1,2,3,88,33,9,1
1200,3.863636,3.840909,1,2,6,2,2,1,2,2,8,?,?,10,1
1201,2.25,?,1,2,6,2,2,1,2,1,2,75,34,9,0
1202,2.472222,2.547619,3,4,6,1,2,2,2,1,3,?,?,7,1
1203,1.605263,?,1,2,6,2,2,1,2,1,1,78,22,9,0
1204,2.941176,0.78125,1,2,6,2,2,1,2,1,1,68,?,9,1
1205,3.613636,2.795455,3,4,6,2,2,2,2,1,2,88,46,8,1
1206,3.375,3.047619,3,4,6,2,2,2,2,2,1,?,48,9,1
1207,3.413043,2.98,3,4,6,1,2,2,2,2,3,?,?,10,1
1208,3.847826,3.652174,3,4,6,2,2,2,2,2,1,?,47,8,1
1209,3.62,4.145833,1,1,6,2,1,1,2,2,3,?,30,9,1
1210,1.736842,0,1,2,6,2,2,1,2,1,2,64,19,7,1
1211,3.652174,3.454545,3,4,6,1,2,2,2,2,3,?,?,8,1
1212,1.52381,?,1,2,6,2,2,1,2,2,5,?,36,9,0
1213,1.961538,0,1,2,6,2,2,1,2,1,1,72,33,9,0
1214,2.214286,?,1,2,6,2,2,1,2,1,2,67,17,7,0
1215,4.391304,4.192308,1,2,6,1,1,1,2,2,4,92,?,10,1
1216,0.42,?,1,2,6,2,2,1,2,1,1,60,?,3,0
1217,3.057692,3.4,1,9,6,2,2,1,2,0,7,67,31,9,1
1218,2.608696,2.403846,3,4,6,1,2,2,1,2,3,?,23,8,1
1219,1.833333,0.75,3,4,6,2,2,2,1,1,2,?,16,3,1
1220,4.095238,4.333333,1,2,6,2,2,1,1,2,3,97,?,10,1
1221,4.021739,3.694444,1,2,6,2,2,1,1,1,1,86,37,9,0
1222,3.52,1.85,1,2,6,2,2,1,2,1,1,89,38,?,0
1223,4.304348,4.24,1,2,6,1,2,1,2,2,4,?,?,9,1
1224,1.307692,1.15,1,2,6,2,2,1,2,0,1,63,18,7,1
1225,0.97619,1.111111,1,2,6,2,2,1,2,1,1,60,?,10,0
1226,3.913043,4.131579,1,2,6,2,2,1,2,2,4,84,24,?,1
1227,3.645833,3.590909,?,4,6,1,1,2,2,?,?,?,?,10,1
1228,3.304348,2.403846,3,4,6,1,2,2,2,1,3,?,?,7,1
1229,4.153846,4.021739,3,4,6,1,2,2,2,2,3,?,48,8,1
1230,2.214286,1.638889,1,2,6,2,2,1,2,1,2,61,23,7,1
1231,2.263158,1.863636,1,2,6,2,1,1,2,1,1,63,16,7,1
1232,2.425,2.565217,3,4,6,2,1,2,1,0,2,62,37,4,1
1233,3.4375,3.192308,3,4,6,1,1,2,2,1,3,?,?,10,1
1234,2.477273,1.54,3,4,6,1,1,2,2,1,3,?,?,9,1
1235,3.847826,2.826923,3,4,6,1,2,2,2,1,3,?,?,10,1
1236,3.630435,3.769231,3,2,6,1,2,1,2,2,5,95,?,8,1
1237,0.78,?,1,2,6,2,2,1,2,1,2,58,25,7,0
1238,4,3.5,3,4,6,1,2,2,1,1,3,?,?,9,1
1239,3.477273,3.596154,3,4,6,1,2,2,2,1,3,?,?,10,1
1240,1.913043,3.25,1,2,6,2,2,1,2,1,2,76,35,9,0
1241,1.352941,2.464286,1,2,6,2,1,1,2,1,6,62,22,3,1
1242,3,3.16,3,4,6,1,2,2,2,2,4,?,?,8,1
1243,1.928571,2.807692,3,4,6,2,1,2,2,1,2,67,44,8,1
1244,4.363636,4.431818,1,2,6,2,1,1,2,2,5,?,47,9,1
1245,3.037037,3.204545,?,4,6,1,1,2,1,1,3,?,?,8,1
1246,2.947368,2.388889,1,2,6,2,2,1,2,1,2,76,16,9,1
1247,2.46875,?,1,2,6,2,2,1,2,1,2,70,?,7,0
1248,2.552632,1.615385,1,2,6,2,2,1,2,1,3,78,29,9,1
1249,4.090909,4,1,2,6,2,1,1,2,1,1,90,31,9,1
1250,3.5625,3.729167,3,4,6,2,2,2,2,2,1,?,47,8,1
1251,0.52,?,3,2,6,2,2,1,2,0,4,60,32,4,0
1252,2,0,?,4,6,2,1,2,2,1,2,?,46,8,1
1253,0,1.727273,1,2,6,2,2,1,2,0,4,89,14,3,1
1254,3.525,3.021739,1,2,6,2,2,1,2,1,2,88,36,9,1
1255,2.75,3,3,4,6,1,2,2,2,2,3,?,?,8,1
1256,2.916667,2.35,3,2,6,2,2,1,2,1,2,78,40,8,1
1257,3.608696,3.611111,1,2,6,2,1,1,2,1,1,85,40,9,1
1258,2.657895,1.5625,1,2,6,2,2,1,2,1,2,73,27,9,1
1259,0.5,2.5,3,4,6,2,1,2,2,1,4,?,?,?,1
1260,4.347826,4.06,1,2,6,1,1,1,1,2,3,102,?,9,1
1261,2.86,2.375,3,4,6,1,2,2,2,1,3,?,?,10,1
1262,3.347826,3.263158,?,4,6,2,1,2,1,1,2,?,21,9,1
1263,2.52381,?,1,2,6,2,2,1,2,1,1,84,35,9,0
1264,2.8,2.75,1,2,6,2,1,1,1,1,1,86,20,7,1
1265,3.547619,3.022727,1,2,6,2,2,1,2,1,1,84,21,8,1
1266,2.681818,2.340909,3,4,6,1,2,2,2,1,3,?,?,10,1
1267,3.25,2.673077,3,2,6,2,2,1,2,1,2,71,36,4,1
1268,3.645833,2.717391,1,2,6,2,2,1,2,1,2,67,23,7,1
1269,0,?,1,2,6,2,1,1,2,1,2,72,14,?,0
1270,1.62,1.5,1,2,6,2,2,1,2,1,1,75,19,7,1
1271,3.895833,2.86,3,4,6,1,2,2,2,1,3,?,?,9,1
1272,1.125,2,3,2,6,2,1,1,2,0,3,?,36,8,1
1273,4.019231,4.23913,1,2,6,1,2,1,2,2,3,103,?,9,1
1274,2.96,3.26,1,2,6,2,1,1,1,1,3,83,47,9,1
1275,2.547619,0.25,1,2,6,2,2,1,2,1,2,75,35,9,1
1276,3.1875,3.634615,3,4,6,1,2,2,2,2,3,?,?,10,1
1277,0,0,3,2,6,2,2,1,2,1,2,77,39,9,0
1278,3.931818,3.956522,1,2,6,2,1,1,2,1,3,69,?,?,1
1279,3.909091,3.604167,1,2,6,2,2,1,1,2,3,84,38,9,1
1280,1.782609,2.138889,3,4,6,2,2,2,1,1,2,?,13,4,1
1281,1.388889,1.111111,1,2,6,2,1,1,2,0,4,?,39,10,1
1282,3.804348,3.645833,3,4,6,1,2,2,1,2,3,?,?,10,1
1283,3.583333,2.526316,3,8,6,2,2,1,2,0,8,?,49,10,1
1284,1.119048,0.785714,1,2,6,2,2,1,2,1,2,63,35,7,1
1285,0,?,1,2,6,2,1,1,1,1,1,64,18,7,0
1286,2.173913,2.157895,3,4,6,2,2,2,2,1,2,?,36,8,1
1287,2.333333,1.972222,3,4,6,1,2,2,2,2,3,?,?,4,1
1288,2.142857,1.947368,1,2,6,2,2,1,2,2,3,?,33,10,1
1289,2.642857,2.181818,3,2,6,2,2,1,2,0,3,44,?,4,1
1290,2.92,3.240741,3,4,6,1,2,2,1,1,3,?,?,3,1
1291,2.409091,3.365385,3,4,6,1,1,2,2,1,3,?,?,9,1
1292,3.309524,2.847826,3,2,6,2,1,1,1,1,2,71,29,7,1
1293,4.5,4.384615,3,4,6,2,2,2,2,0,2,?,46,4,1
1294,2.583333,2.865385,3,4,6,1,2,2,2,2,3,?,?,8,1
1295,2.947368,3.111111,1,2,6,2,2,1,1,0,3,?,27,9,1
1296,2.9,2.4,3,2,6,2,2,1,2,1,2,71,29,7,1
1297,2.975,2.75,1,2,6,2,2,1,2,1,1,79,29,9,1
1298,3.652174,3.62,1,2,6,2,1,1,2,2,3,68,29,7,1
1299,3.575,3.952381,?,4,6,2,2,2,2,1,1,?,49,4,1
1300,2,1.863636,1,2,6,2,2,1,2,0,3,?,14,3,1
1301,0.97619,0,1,2,6,2,2,1,2,1,1,74,45,9,0
1302,?,?,1,2,6,2,1,1,2,1,4,108,49,9,0
1303,2,1.909091,1,2,6,2,1,1,2,1,1,70,38,9,1
1304,2.55,3.294118,3,2,6,2,2,1,1,1,3,79,21,10,1
1305,2.083333,2.019231,3,4,6,1,2,2,1,1,3,?,?,8,1
1306,2.263158,?,1,2,6,2,2,1,2,1,1,83,23,9,0
1307,3.977273,4.043478,1,2,6,2,2,1,2,1,1,92,43,9,1
1308,1.269231,0.266667,1,2,6,2,2,1,2,1,1,62,16,8,1
1309,4.173913,4.02,1,2,6,1,1,1,2,2,5,?,?,9,1
1310,1.863636,2.428571,1,2,6,2,2,1,2,1,1,64,11,3,1
1311,3.380952,2.5,1,2,6,2,2,1,2,1,2,97,19,10,1
1312,3.543478,3.692308,3,4,6,1,2,2,2,2,3,?,?,8,1
1313,4.363636,3.736842,1,2,6,2,2,1,2,1,1,96,28,9,1
1314,2.978261,2.769231,1,4,6,1,1,2,1,2,3,?,28,8,1
1315,4.214286,3.772727,1,2,6,2,2,1,1,2,4,92,43,9,1
1316,0,0,1,2,6,2,2,1,2,1,1,68,23,9,0
1317,?,?,3,2,6,2,1,1,2,1,2,60,13,3,0
1318,4.2,3.631579,1,2,6,2,1,1,2,1,2,90,35,9,1
1319,3.565217,3.403846,3,4,6,1,2,2,1,1,3,?,?,7,1
1320,3.94,4.022727,1,2,6,2,1,1,1,2,3,?,25,9,1
1321,0,?,3,4,6,2,2,2,2,2,2,?,?,7,0
1322,0,?,3,4,6,1,2,2,2,0,4,?,?,7,0
1323,0,0,3,8,6,2,2,1,2,0,3,?,16,7,0
1324,4.09375,1.022727,3,2,6,2,1,1,2,1,3,77,44,9,0
1325,0.5,?,3,4,6,1,2,2,2,2,3,?,?,10,0
1326,4.282609,4.027778,3,4,6,2,2,2,2,2,2,?,45,10,1
1327,4.369565,4.461538,1,2,6,1,2,1,2,2,4,96,?,9,1
1328,1.647059,1.869565,3,4,6,2,2,2,2,1,1,?,34,8,1
1329,1.176471,?,3,4,6,1,2,2,1,2,3,?,?,7,0
1330,0,0,1,2,6,2,1,1,2,1,2,67,34,7,1
1331,0.18,0,1,2,6,2,2,1,2,1,3,54,17,7,0
1332,4.261905,3.704545,3,2,6,2,1,1,2,2,6,?,49,8,1
1333,2.7,1.944444,1,2,6,2,1,1,1,2,3,90,37,9,1
1334,2.454545,1.695652,3,2,6,2,2,1,2,1,2,73,35,4,0
1335,3.526316,3.1,1,2,6,2,2,1,2,1,1,79,?,9,1
1336,1.82,2.777778,1,2,6,2,2,1,2,1,1,57,?,9,1
1337,2,0,3,4,6,2,2,2,1,2,2,?,22,4,0
1338,1.676471,2.6,1,2,6,2,2,1,2,1,2,67,?,9,1
1339,2.1,1.75,1,2,6,2,2,1,2,1,1,72,21,7,1
1340,3.673077,3.782609,3,4,6,1,2,2,2,2,3,?,?,10,1
1341,4.5,?,1,2,6,2,1,1,2,1,4,90,42,9,0
1342,2.117647,1.9,3,4,6,2,2,2,2,1,2,?,28,7,0
1343,0,?,3,4,6,2,2,2,2,1,3,?,42,1,0
1344,1.933333,2.770833,3,4,6,2,2,2,2,2,2,?,34,8,1
1345,2.173913,3.02381,3,4,6,1,2,2,2,2,3,?,?,10,1
1346,2.65,2.275,3,4,6,2,2,2,2,2,5,?,?,?,0
1347,1.173913,?,1,1,6,2,1,1,2,1,1,71,15,7,0
1348,2.526316,2.368421,3,2,6,2,2,1,2,0,2,75,25,7,1
1349,1.55,2.184211,1,2,6,2,2,1,2,1,1,76,28,7,1
1350,3.869565,3.071429,3,2,6,2,1,1,2,2,5,?,34,8,0
1351,4.136364,3.804348,1,2,6,2,2,1,2,1,3,75,48,9,1
1352,4.065217,3.217391,?,4,6,2,2,2,2,1,3,?,48,4,1
1353,4.38,4.26087,3,4,6,1,2,2,2,1,3,?,?,8,1
1354,3.4,3.386364,3,4,6,1,2,2,1,2,4,?,?,8,1
1355,4.25,4.090909,1,2,6,2,1,1,2,2,3,91,30,9,1
1356,2.547619,?,1,2,6,2,2,1,2,2,3,74,13,7,0
1357,1.725,1.75,3,4,6,1,2,2,2,2,3,?,?,4,1
1358,2.1,1.428571,1,2,6,2,2,1,2,1,2,69,27,7,1
1359,1.884615,0.882353,3,4,6,2,2,2,2,2,2,?,28,8,1
1360,3.521739,3.47619,?,4,6,2,1,2,1,1,1,?,36,8,1
1361,0,?,3,4,6,1,2,2,1,1,3,?,?,10,0
1362,3.704545,3.263158,1,2,6,2,2,1,2,2,4,?,32,10,1
1363,3.586957,3.38,3,4,6,1,2,2,2,2,3,?,?,10,1
1364,?,?,1,2,6,2,1,1,2,1,2,85,?,?,0
1365,2.190476,2.62,1,8,6,1,1,1,2,2,7,?,40,10,1
1366,1.972222,2.1875,3,2,6,2,1,1,2,1,7,71,?,4,1
1367,3.75,3.76087,1,2,6,2,2,1,2,2,3,?,33,?,1
1368,0,?,?,4,6,2,1,2,2,1,2,?,42,8,0
1369,3.833333,3.980769,3,4,6,1,1,2,2,1,3,?,?,10,1
1370,3.869565,3.909091,1,2,6,2,1,1,1,2,4,?,26,9,1
1371,2.75,3,1,2,6,2,2,1,2,1,1,78,21,7,1
1372,4.369565,4.5,1,2,6,2,1,1,1,2,3,88,34,9,1
1373,4.25,4,1,2,6,1,2,1,2,2,4,?,?,8,1
1374,2.714286,3.027778,1,2,6,2,1,1,1,0,4,77,25,9,1
1375,2.5,2.4,3,2,6,2,2,1,2,1,2,72,36,4,1
1376,0.5,?,1,2,6,2,1,1,1,1,1,66,15,10,0
1377,2.6,2.619048,3,4,6,1,2,2,1,2,3,?,?,10,1
1378,2.725,2.659091,3,4,6,1,2,2,2,2,3,?,?,4,1
1379,3.347826,3.18,3,4,6,1,2,2,2,2,3,?,?,8,1
1380,3.21875,2.058824,1,2,6,2,2,1,2,1,3,59,21,9,1
1381,2.1875,1.5,1,2,6,2,2,1,2,1,1,72,22,9,1
1382,3.613636,3.157895,1,2,6,2,2,1,2,1,2,91,48,9,1
1383,2.642857,2.75,1,2,6,2,2,1,1,1,1,75,35,9,0
1384,1.275,0.42,3,4,6,1,2,2,2,1,3,?,?,7,1
1385,3.411765,3.904762,?,4,6,2,2,2,2,1,1,?,47,4,1
1386,3.333333,3.673077,3,4,6,1,2,2,2,1,3,?,?,7,1
1387,1.833333,3.3125,1,2,6,2,1,1,2,1,1,89,22,9,1
1388,0.846154,2.25,?,4,6,2,2,2,2,1,2,?,49,4,1
1389,3.05,2.547619,3,4,6,1,2,2,1,1,3,?,?,9,1
1390,1.095238,?,1,2,6,2,2,1,2,0,3,?,20,7,0
1391,2.605263,1.222222,1,2,6,2,1,1,2,1,1,77,30,9,1
1392,0,0,1,2,6,2,2,1,2,0,2,63,?,?,0
1393,3.48,3.413043,?,4,6,2,2,2,2,1,2,?,42,8,1
1394,3.166667,2.777778,3,2,6,2,1,1,2,2,7,?,45,8,0
1395,0,?,1,2,6,2,2,1,2,1,2,67,27,9,0
1396,3.92,3.942308,3,4,6,1,1,2,2,1,4,?,?,10,1
1397,2.659091,2.272727,1,2,6,2,1,1,2,2,3,78,?,?,0
1398,2.305556,1.5,1,2,6,2,1,1,1,1,1,75,?,8,1
1399,2.92,?,1,8,6,2,2,1,2,0,8,?,21,7,0
1400,0,?,1,2,6,2,2,1,2,1,4,85,?,9,0
1401,2.921053,2.588235,1,2,6,2,1,1,2,2,4,56,28,7,1
1402,0,?,1,2,6,2,2,1,2,1,1,65,19,9,0
1403,3.065217,3.066667,1,2,6,2,2,1,2,1,1,78,22,9,1
1404,2.333333,1.74,3,4,6,2,2,2,2,0,4,?,37,10,0
1405,2.21875,2.775,1,2,6,2,1,1,1,2,5,61,19,9,1
1406,4.130435,3.88,3,4,6,1,2,2,2,2,3,?,?,10,1
1407,3.75,2.910714,3,4,6,1,2,2,2,2,3,?,?,8,1
1408,1.394737,0.631579,3,2,6,2,1,1,2,2,2,72,24,4,1
1409,3.452381,3.636364,1,2,6,2,2,1,1,2,5,?,39,4,1
1410,3.5,3.386364,?,4,6,2,2,2,2,1,4,?,49,9,1
1411,1.645833,0,1,2,6,2,1,1,2,1,2,83,42,9,0
1412,2.325,2.575,3,4,6,2,2,2,2,2,3,?,?,8,1
1413,?,?,1,2,6,2,2,1,2,2,4,?,25,9,0
1414,2.522727,0,1,2,6,2,2,1,2,1,6,72,39,9,0
1415,4.2,4.375,1,8,6,2,1,1,2,2,7,?,50,8,1
1416,0.391304,?,1,8,6,2,2,1,1,0,7,69,33,9,0
1417,3.22,1.875,1,2,6,2,2,1,2,1,2,77,35,7,1
1418,3.26087,3.096154,3,2,6,1,2,1,2,2,7,?,?,8,1
1419,2.391304,2.763158,3,4,6,2,2,2,2,2,2,?,13,8,1
1420,2.956522,1.82,?,4,6,1,2,2,2,1,3,?,?,7,1
1421,2.666667,2.52381,?,5,6,2,2,2,2,1,1,?,41,4,1
1422,4,4.333333,1,8,6,2,2,1,2,1,5,74,16,9,1
1423,0.652174,?,1,2,6,2,2,1,2,1,2,78,31,7,0
1424,2.891304,2.846154,3,4,6,1,2,2,2,1,3,?,?,9,1
1425,3.25,2.413043,1,2,6,2,2,1,2,1,1,81,?,7,1
1426,1.315789,0,1,2,6,2,1,1,2,1,3,64,28,9,0
1427,3.738095,?,1,2,6,2,2,1,2,2,3,58,21,7,1
1428,3.675,3.5,1,2,6,1,2,1,1,2,3,96,?,9,1
1429,1.869565,2.375,1,2,6,2,1,1,1,1,1,73,23,7,1
1430,3.357143,3.347826,1,2,6,2,1,1,1,2,4,?,30,9,1
1431,3.695652,3.952381,3,4,6,2,2,2,2,2,2,?,42,8,1
1432,1.413043,0,?,4,6,2,2,2,2,1,1,?,47,10,0
1433,4.36,4.074074,1,2,6,1,1,1,1,2,4,?,?,10,1
1434,2.020833,2.45,1,2,6,2,1,1,2,1,1,78,18,9,1
1435,4.021739,4.357143,?,4,6,2,1,2,1,1,2,?,46,8,1
1436,2.133333,3.205882,1,2,6,2,2,1,1,1,1,81,27,9,1
